NodeID,00,01,02,03,04,05,06,07,08,09,10,11,12,13,14,15,16,17,18,19,20,21,22,23
1,0.381511576339812,0.380971641947388,0.396353998379082,0.395874378804259,0.39577277092024,0.395775930557842,0.634677820468604,0.585253245488322,0.580493996477456,0.607527389990912,0.611571970027768,0.611740288516283,0.611522339826196,0.649728161941198,0.650059943720941,0.649733209627394,0.649726414605524,0.650134940544666,0.65040198365572,0.608389443930403,0.610266999690794,0.607840286503278,0.607789921989902,0.530570903619324
2,0.492540051774508,0.487808514412263,0.592345407695437,0.588352545743955,0.587503969233851,0.587529815118549,0.952007260486132,0.85698034583332,0.881001004401162,0.745182308309579,0.798169142473195,0.799643821112553,0.797734550140392,0.847467412284809,0.850373300411542,0.847510861095869,0.847451222309682,0.851029689877165,0.853367482623339,0.754648027727765,0.786736187030352,0.748618948596165,0.748065942150726,0.640879376193244
3,0.434793732957882,0.434788414533508,0.513299853453815,0.513294528758457,0.513293682335124,0.513293866477241,0.821285706741093,0.763535487658222,0.827364416995253,0.728292854828017,0.695681657321948,0.695683281418717,0.695681115232377,0.739161019076211,0.739164187896952,0.739161181005661,0.739161169438137,0.739165118991959,0.739167704232175,0.728307602321645,0.69566876423313,0.72829778005536,0.728296882713635,0.637238404280005
4,0.541935541042191,0.541913908728583,0.607131877760582,0.607114331283099,0.60711075357912,0.607110896348503,0.971429818988884,1.0947526574179,1.00819393740484,1.06961839598279,0.8671433363531,0.867149954167627,0.867141137399511,0.921336955123558,0.921350221842141,0.921337128738835,0.921336871261535,0.921353294045619,0.92136408748547,1.06966365547843,0.867090755126252,1.06963480128481,1.06963214759344,0.93586270484625
5,0.463456903455874,0.463456436391181,0.64064068735129,0.640640394019187,0.640640455826541,0.640640458917411,1.02502533004515,0.812514982791888,0.798433707293262,0.854018878772193,0.741532202173265,0.741532386629124,0.741532128624618,0.78787780882214,0.787878118024231,0.787877828243564,0.787877889252478,0.787878295901691,0.787878529136001,0.854019104564953,0.741530968449198,0.854018836732753,0.854018822176107,0.747265970397051
6,0.460561929133869,0.46056181009052,0.545267020841103,0.545266931997822,0.545267199382231,0.545267228685063,0.87242814294226,0.874185518680431,0.591443719717495,0.768433790403761,0.736900193204633,0.73690016120829,0.73690009212766,0.782956314195463,0.782956402615701,0.782956454325575,0.782956501917171,0.782956531588777,0.782956642879042,0.768433977792121,0.736899766915931,0.768433609688419,0.768433352994562,0.672379017054779
7,0.450153440892034,0.450149565772337,0.511337647471411,0.511335932421267,0.511335610989898,0.511335818405415,0.81814263494681,0.806053770686739,0.797139594014197,0.672435360415276,0.72025353523668,0.720254509159949,0.720253084943362,0.765268781506947,0.765271116091924,0.76526877189474,0.765268814410312,0.76527164933264,0.765273528129054,0.672439337606695,0.720244369749223,0.672436745256038,0.672436444505488,0.588376088068102
8,0.386877464248003,0.386876801445537,0.348034741621708,0.348034506207255,0.348034586007712,0.348034609258546,0.55685629464995,1.03391103695757,1.03108881458094,0.628294235630663,0.619005657923516,0.619005722821249,0.619005598278702,0.657693348178502,0.657693684106847,0.657693469403754,0.657693452254973,0.657693887628934,0.657694221887921,0.628295223863442,0.619004092707246,0.628294409739167,0.628294231897905,0.549756048540737
9,0.297123291031782,0.297121303507577,0.418558713718958,0.418557157642201,0.418557061895343,0.418557266528273,0.669695401761683,0.544230556888697,0.830748580275596,0.749671778155415,0.475401397532424,0.47540206639362,0.475401204612459,0.505113689286904,0.50511490372222,0.505113827368352,0.505113775323289,0.505115141361729,0.505116273010176,0.74967537522401,0.475396666126123,0.749672986967181,0.749672766448312,0.655958461762899
10,0.598692935659037,0.598692713751914,0.535096634441507,0.535096535167624,0.535096808093464,0.535096850365041,0.856155647619751,1.01572300550306,1.02337886007909,0.889745751085564,0.957910898185634,0.957911033306408,0.957910963972187,1.01778027563798,1.01778037158997,1.01778052873377,1.01778048204699,1.01778061652541,1.01778075217539,0.889746025615984,0.957910055711856,0.889745286170996,0.889745075584853,0.778526581126481
11,0.467567106286547,0.467547999199718,0.497350167151626,0.497347386792154,0.497351962934904,0.497365082123556,0.795848650714523,0.856902275537014,1.01836889960864,0.998671710321899,0.748273867212902,0.748289309491972,0.748281994147286,0.795038426698645,0.79504412745294,0.795059827764955,0.79505391441871,0.795065312880897,0.795076589176644,0.998691437608105,0.748213818985798,0.998633063849797,0.998619922053428,0.873761614080452
12,0.548432024119931,0.548421692300616,0.53520346267142,0.535200558113998,0.535201997416183,0.535207463021141,0.856363396326783,0.836765244229315,0.852074299925463,0.834599695892159,0.877569689958451,0.877577190836742,0.877573158326948,0.93241642632236,0.932420145220546,0.932426118959105,0.932423350592643,0.932429903609066,0.932435877331111,0.834617996463856,0.87753843853804,0.834577977969313,0.834569534261477,0.73022048651921
13,0.443027958097431,0.442858344322746,0.534845692853316,0.534825433833109,0.53486427332505,0.534978649550499,0.856518746636591,0.578146902100256,0.787676716114094,0.72809167269416,0.710356732258009,0.710496374425327,0.710432865567316,0.754733411937444,0.75478093783321,0.75492809151595,0.754874129259376,0.754973389222257,0.755073726869786,0.728311126072887,0.709821705714277,0.727635617097336,0.727481420586592,0.636202837189683
14,0.312573853135293,0.312568257129189,0.64210387076681,0.642101120687553,0.642101091618612,0.642101561398697,1.02737179066344,0.667441304631779,0.899245835512911,0.86303422153938,0.500142528737856,0.500145957768125,0.500142288427851,0.531399366222962,0.531403127075583,0.53140278201483,0.531402070872656,0.531405885077441,0.531409130939269,0.863042277424278,0.500126859058522,0.863032245679482,0.86303144320206,0.755141839288748
15,0.686921921801971,0.68692013876723,0.459552133361806,0.459551698858119,0.459552203182962,0.459553350099324,0.735290345924195,0.753699409736654,1.00310155241956,0.870021328841209,1.09908975607881,1.09909107336114,1.09909041835169,1.16778255890311,1.16778312014232,1.16778444684445,1.16778397694963,1.16778502314422,1.16778604536642,0.870023464839595,1.09908437271308,0.870017093376908,0.87001568246193,0.761260255746221
16,0.612083945529422,0.612079482313867,0.580319171953656,0.580318357503053,0.58031913424376,0.580322198549498,0.928530240719053,0.947016558741818,1.02814083575983,0.772372876173858,0.979373754811606,0.97937667981883,0.979376339479832,1.04058509610597,1.04058571797824,1.04058928414246,1.0405879677445,1.04059057685816,1.04059300429474,0.772378836158899,0.979360795388665,0.772360359509336,0.772355017318395,0.675800814518825
17,0.451059818099612,0.451047926595325,0.460645512564604,0.460642454761639,0.460643074209408,0.460654756599777,0.737108297261635,0.674240440154981,0.755314843875182,0.653891343486786,0.721802027126377,0.721807226584523,0.721813375307506,0.766922156987209,0.766920498632709,0.766928704848633,0.766925421454175,0.766932454141182,0.76693831531922,0.653905025755125,0.721773248474679,0.653861589035276,0.653843114073284,0.572087068928043
18,0.607499769352786,0.6074749302053,0.452086682045877,0.452084142774671,0.452088958400466,0.452103036974842,0.723433016350827,0.996506088569594,0.993147226454666,0.891401480950901,0.972221267180621,0.972241673604642,0.97223247473895,1.03298216591723,1.03298908944308,1.0330106618208,1.03300272911618,1.03301729353533,1.03303203886828,0.891431322988104,0.972142958078176,0.891339053328098,0.891317875453056,0.77985616718454
19,0.400790897678932,0.400583731775632,0.419801998056952,0.419777884189478,0.419823804630477,0.419958957156142,0.672587294430425,0.702874862054236,0.665622022929196,0.77692980564429,0.643112426139034,0.643283017833383,0.643205486459012,0.683281697109291,0.683339744935567,0.683519565874533,0.683453586833662,0.683574928734895,0.68369750886071,0.777229243241839,0.642458822155961,0.776307416582329,0.776097262087204,0.67861648161228
20,0.426063672556379,0.424768676235298,0.517794632943088,0.517542167163694,0.517578818671924,0.518567669094991,0.83490312168344,0.758355116681779,0.54809941496855,0.573247110723795,0.693332543490519,0.693903310890008,0.694581335869245,0.737508257057218,0.737322082312121,0.738212238013171,0.737852699273352,0.738612342490357,0.739264393155543,0.57442859410803,0.690205351041198,0.570684320439812,0.569084329280581,0.495735458394708
21,0.338640310442426,0.338623318151533,0.569261069497782,0.569259010729802,0.569262443655229,0.56927226425519,0.910884841130932,0.541969643626807,0.61798122494032,0.68056438230222,0.541972478892227,0.541986171536928,0.541979673139056,0.575843465006692,0.575848456173894,0.575862587531346,0.575857225662965,0.575867328135807,0.575877397530564,0.680586951520921,0.541919059977882,0.680520594278223,0.680505637253054,0.595407558682957
22,0.517988727990014,0.517968857997933,0.476929778703475,0.476927332329765,0.476932144832961,0.476945494445754,0.763177547502234,0.841772448141026,0.6776979809082,0.756869162321968,0.828958837659991,0.828975087551893,0.828967725568808,0.880766466554259,0.880771878397866,0.880789074064455,0.880782831019262,0.8807944663392,0.880806155315259,0.756907305508446,0.82889628360089,0.756789726798856,0.756762772168571,0.662107633835535
23,0.490742864973937,0.489601756950323,0.552293748505578,0.55229205550752,0.552741247857961,0.553187804111824,0.886841926994827,0.701125379848769,0.59141439071809,0.654726669482996,0.795284747282967,0.796720762902102,0.795130351768986,0.843851411926105,0.844719800928863,0.84594434321897,0.84552892895285,0.846195022554333,0.846983776826334,0.656361007406602,0.79072649579112,0.651433335531118,0.651054121605016,0.567475307728547
24,0.263739377985854,0.263723926210075,0.300952570148565,0.300950102085576,0.300954754717223,0.300968342429812,0.481614952484777,0.514938742720046,0.730750955592157,0.569844460500568,0.422121255959858,0.422133910116056,0.422128195813724,0.448501948113777,0.448506239739165,0.448519707410124,0.448514727553579,0.448523861460195,0.448533050009347,0.569868941542407,0.422072311662543,0.56979377436804,0.569776529610345,0.498516181488386
25,0.424836078191942,0.423228832814257,0.415600241299448,0.415201567698322,0.415259443342689,0.416817600053745,0.675099806264675,0.52968897525171,0.680481895106773,0.469828872343391,0.694175552512777,0.694882917630982,0.695723753814514,0.738606348170246,0.73837436322488,0.739479142435061,0.73903440150047,0.739974721664787,0.740781618082567,0.471450273947458,0.690295073297,0.466312105143887,0.46411534063685,0.403062386728945
26,0.349796096089295,0.348781353267564,0.39023030556064,0.389973778381942,0.390011066479059,0.39101442793677,0.630896783211958,0.623539450404987,0.641519194354785,0.784577037940942,0.568789507720785,0.569235719483546,0.569766428944238,0.604998197214236,0.604851563833926,0.605548959424365,0.605268565365652,0.605861739531602,0.606370711439883,0.785798115263032,0.566339741419963,0.781928005904604,0.780274659134454,0.680453070510792
27,0.501494173330734,0.501210187747101,0.540392633465564,0.540349402246822,0.540384812517965,0.540581640120673,0.865927256914969,0.789152452649966,0.83922137084741,0.5060327040297,0.804927694494734,0.805129282838221,0.80509883974892,0.855266504390876,0.855310356799891,0.855541586844278,0.855454450338255,0.855620968431514,0.855781822247305,0.506410442382326,0.804094733833759,0.505232570541529,0.504864823387687,0.441117491262797
28,0.47079185742096,0.470602242689631,0.576846223675681,0.576799064235637,0.576806577851195,0.576990546098682,0.924153095851735,0.670563393560912,0.746187975202772,0.696276290149553,0.754970356803633,0.755054623560003,0.755152206531596,0.802277971979352,0.802251390707253,0.80238207141944,0.802329462963519,0.802440624126133,0.802536220824425,0.696445958092607,0.754511052054549,0.695908478480019,0.695680199231192,0.608403052188609
29,0.0374321021092915,0.0374321021092915,0.0376303671043564,0.0376303671043564,0.0376303671043564,0.0376303671043564,0.0602085873669703,0.0687139603430757,0.0666682012644776,0.0726941687565467,0.0598913633748664,0.0598913633748664,0.0598913633748664,0.0636345735857955,0.0636345735857955,0.0636345735857955,0.0636345735857955,0.0636345735857955,0.0636345735857955,0.0726941687565467,0.0598913633748664,0.0726941687565467,0.0726941687565467,0.0636073976619784
30,0.330109072639276,0.330090572916419,0.362828484876489,0.362823660714247,0.362824514802135,0.362843000280607,0.580645141844152,0.873811653149925,0.902434217928868,0.822144059672234,0.528340143677277,0.528348363941575,0.528357739430187,0.561373209925014,0.561370645391062,0.561383444099931,0.561378211355275,0.561389072701047,0.561398392585276,0.822165302732891,0.528295495738939,0.822097948745993,0.822069394656635,0.719271026102644
31,0.37839613736437,0.378254437337227,0.478095986944937,0.478061757529946,0.478067230533373,0.478200955657485,0.765824548593844,0.809944236915149,0.875909521647804,0.660696390852202,0.606707134479912,0.606770004437778,0.606842950319297,0.64471734111975,0.644697478592834,0.644795228896225,0.644755830531969,0.64483888818738,0.644910225589919,0.660846810841766,0.606363717205337,0.660370588786455,0.660168457170244,0.57736634392252
32,0.28921120809553,0.286090199045306,0.352641534408245,0.351856002855819,0.351969965523828,0.355056882144898,0.584286568108522,0.342250206838865,0.386891303388232,0.322624500661147,0.490781319215335,0.492152241661008,0.493783490801858,0.523482499139615,0.523029851096221,0.525174348272961,0.524314627330627,0.526134533513266,0.527696005680046,0.326011705985664,0.483248498086568,0.315278921859726,0.310687504013954,0.265501098731308
33,0.436382500276126,0.435565357475002,0.336593724915589,0.336592831084691,0.336888473984038,0.337182005158276,0.540636168588591,0.76103119925308,0.857516481403416,0.871471555004006,0.705442260009958,0.706470940781539,0.705331805594738,0.748716982070577,0.74933889765875,0.75021597768772,0.749918368555368,0.750395583795537,0.750960838095112,0.872493872367959,0.702177772504638,0.869411306121103,0.869174191661976,0.759151821919101
34,0.45973747102417,0.458067714813236,0.218605097819582,0.218169358053865,0.218232782747416,0.219935164702494,0.3608480311691,0.718351642924903,0.518574063374636,0.622972317268559,0.750577515965561,0.751313051750615,0.752187095673201,0.798574525846279,0.798334142070037,0.799481935939728,0.79901899627279,0.799997459724817,0.800837167566558,0.624977163833444,0.746545706164446,0.61862119619634,0.615909229296244,0.535168275263392
35,0.43112971335388,0.431072781352156,0.300425719519328,0.300416864424843,0.300424338596383,0.300464448764732,0.480946476319783,0.680813179959697,0.654125895023927,0.644672526742792,0.690315353110818,0.690355209222754,0.690348660133282,0.733465423897357,0.733475183851003,0.733521898444493,0.733504342215696,0.733537532522185,0.733569520214265,0.644728474133138,0.690148845955195,0.644553378588669,0.64449882042826,0.563841252115477
36,0.0596090881878217,0.051319512677388,0.0572652361442356,0.0572652361442356,0.0572652361442356,0.0572652361442356,0.097982564544427,0.126777789122067,0.163572975904411,0.138513613664936,0.130921845615129,0.101719361764874,0.0859698778341612,0.104832072195679,0.156027592911535,0.17812749054789,0.172136491403863,0.158527310467484,0.148045640568606,0.122473358499766,0.144509185114962,0.123796792786031,0.13157454444255,0.101752695018779
37,0.0393321673223148,0.0393321673223148,0.035816423030509,0.035816423030509,0.035816423030509,0.035816423030509,0.0573062768488145,0.0666570047197447,0.0685571843344744,0.0488665842658946,0.0629314677157036,0.0629314677157036,0.0629314677157036,0.0668646844479351,0.0668646844479351,0.0668646844479351,0.0668646844479351,0.0668646844479351,0.0668646844479351,0.0488665842658946,0.0629314677157036,0.0488665842658946,0.0488665842658946,0.0427582612326578
38,0.605759642287054,0.605640007623949,0.596683162060012,0.596672224362585,0.596675952679264,0.596711873943474,0.955016734389557,1.01897465967009,0.978718233290682,0.793929998325572,0.969892889713933,0.969794253126842,0.969688428632711,1.03032431578639,1.03055005820057,1.03063836895698,1.0306060243904,1.03070973198957,1.03065999773559,0.79393417202832,0.969782895379156,0.793787414709818,0.793707463287002,0.694387069810227
39,0.274378372611634,0.272884937551929,0.289272627622095,0.289054789861271,0.289006914502895,0.289665341775536,0.467069910192294,0.497603383605087,0.532017415578296,0.498825370793434,0.447541863989836,0.448235720401914,0.448396164420974,0.478437530029211,0.480820166486936,0.483691933476424,0.482833329108663,0.485791026289145,0.483616443969587,0.501088811840787,0.45001790489927,0.497676985797895,0.495663097295206,0.431379567662535
40,0.311000503720806,0.30775451001948,0.180317893246331,0.178879892506504,0.178074797322376,0.178957532090108,0.294741438507011,0.715247911961223,0.614136487395124,0.680651560560508,0.507301138690764,0.507651929460757,0.508531761564221,0.540072905100764,0.541545672330899,0.541165145124045,0.539846427673333,0.540350178751248,0.542634619237335,0.684389108442599,0.506938561958211,0.679095842684016,0.678332059002514,0.590768765565325
41,0.505520628152934,0.505368054395695,0.607616804035685,0.607593108645208,0.607580412492162,0.607661139063657,0.972697588712639,1.00840263287708,0.814796361805169,0.913811159268191,0.809658199126797,0.809644635405062,0.809620226211241,0.86041677561364,0.860741773760437,0.861030410707016,0.860938611664611,0.861153261157583,0.860956964754925,0.91409233365323,0.809889051273389,0.913607838656358,0.913342056816855,0.798809735352074
42,0.0327109845795443,0.0327109845795443,0.0364003251107659,0.0364003251107659,0.0364003251107659,0.0364003251107659,0.0582405201772255,0.0509934269670709,0.0737212019362307,0.0711617955631424,0.052337575327271,0.052337575327271,0.052337575327271,0.0556086737852254,0.0556086737852254,0.0556086737852254,0.0556086737852254,0.0556086737852254,0.0556086737852254,0.0711617955631424,0.052337575327271,0.0711617955631424,0.0711617955631424,0.0622665711177496
43,0.484538539646309,0.484421096481004,0.557450951371129,0.55742118739,0.5574166417745,0.55749097752291,0.892417272762959,0.879371387493565,0.834617697046695,0.679299416929529,0.775894369391982,0.775944937996089,0.775953501693564,0.82459746782857,0.824772091750269,0.824981219806806,0.824920100672882,0.825137242110667,0.824984108654622,0.679642609703882,0.776078798281638,0.679141250456729,0.678859118963795,0.593668054477973
44,0.273513242842917,0.272815730312848,0.505467690088383,0.505449262247382,0.505322762233007,0.505537255453386,0.809987534402491,0.515987362607447,0.422501783523325,0.562712243775266,0.440597511203373,0.439071578255017,0.438251597909195,0.466358557990445,0.469271577911828,0.470526374392315,0.4700309328704,0.469506732835612,0.469045076280325,0.562331614017687,0.441285485671206,0.562273480452899,0.562444169407235,0.491734500190766
45,0.264421161595611,0.25989588273697,0.204563412382955,0.204384315126217,0.203124128770325,0.205256856821373,0.339610218845815,0.728145117148658,0.613297451528256,0.617206826648582,0.442383061517041,0.432458770951263,0.427121410658406,0.458481159016731,0.477408438904708,0.485555604600691,0.482347234175699,0.478932387133752,0.475925092502032,0.613646891506222,0.446858538285682,0.613111022147848,0.614708757144632,0.534098809852587
46,0.375698645643804,0.375648912914946,0.407251565343039,0.407248456147665,0.407230484501723,0.407261852729946,0.651783530320985,0.803064555767241,0.819659765809666,0.655036247290638,0.601331421031064,0.601225187319314,0.601167905923563,0.638792006268391,0.638996864566389,0.639086170429596,0.639051091136794,0.639016054271938,0.638982712649726,0.654992577238749,0.60138049250098,0.654981235575329,0.654999755003561,0.573072778856713
47,0.616713855110986,0.61663505559758,0.713148324824712,0.713122858211238,0.713097180212828,0.713079665026621,1.14103229871707,0.730771252447661,0.701767454576505,0.89981965341745,0.987039744341427,0.987123980740184,0.987166686904505,1.04880989302437,1.04889969930306,1.0488940647899,1.04885571496152,1.04887715756811,1.04893008877978,0.899960776214108,0.98713615184388,0.899868766476071,0.899876966311662,0.787335733742343
48,0.529615447762533,0.529612021633382,0.590694413611886,0.59069340523932,0.590692605801812,0.590692079670796,0.945111246166448,0.808530714898239,0.774568506218065,0.677843373392695,0.847398413433815,0.84740190964772,0.847403689025161,0.900364091106192,0.900367983778731,0.900367743195492,0.900365747996555,0.900366923538055,0.900369210610425,0.677847287184822,0.847401765410296,0.677843995710593,0.677844194783991,0.593111760471172
49,0.511078533995239,0.508933808149738,0.68064543281499,0.680088695993969,0.679520253164787,0.679127277505574,1.08889821148402,0.931568722978536,0.643027599638636,0.627050583197369,0.825833453754439,0.828137356423849,0.829304174232829,0.87964022485029,0.882093269050292,0.881937618569951,0.880891800225418,0.881470713927797,0.882917635466537,0.630863220588875,0.828471536149556,0.628383172622818,0.628609823662436,0.548509463521599
50,0.226935584148067,0.226925501178274,0.358074631294466,0.358071918356848,0.358071967496722,0.358076854815966,0.572939080136565,0.247529003458187,0.410959702561023,0.426173480114255,0.36312709510025,0.363128417669358,0.363128457561909,0.385821979830691,0.385825649615526,0.385825928544093,0.385825603391767,0.385832876129722,0.385831081306209,0.426178751236048,0.363126828367724,0.426170370848108,0.42616538004451,0.372890810294213
51,0.382565259645467,0.3825600782036,0.405526123650794,0.405524557215804,0.405524464810554,0.405525877069637,0.648851760343592,0.955545662853088,0.81782689792495,0.815556407616231,0.612138625676546,0.612142432346638,0.612142051417796,0.650398500603887,0.650403956394562,0.650404175429696,0.650392714789612,0.650400666603788,0.650401752955592,0.815545789817285,0.612127748052773,0.815533294824756,0.815530371438313,0.71358508143803
52,0.394268142993474,0.394259990279854,0.385423085981128,0.385420014770953,0.385417173731447,0.385415165826218,0.616677610745786,0.586276769679627,0.553022104690648,0.635281749281357,0.630861240919764,0.630869714619899,0.630873810246519,0.670297946819723,0.670307195007841,0.67030665843241,0.670301839865216,0.670304698223452,0.670309990222209,0.635292566847153,0.630869401414684,0.635283925255623,0.635284323815791,0.555868745287517
53,0.360040903391667,0.360010107295333,0.307613660149328,0.307605981488009,0.307606350416901,0.307618211428828,0.492253256429679,0.486202808277237,0.527338203895083,0.612189082720583,0.576293027011116,0.57631376974657,0.576307534800425,0.612313394917991,0.612346101595058,0.612347353553764,0.612265318710605,0.612322956244171,0.612325693133739,0.612090432507669,0.576203404707369,0.611994950584744,0.611970514824179,0.535445815054302
54,0.437501210424306,0.437501091729435,0.622968411341997,0.622968309719985,0.622968372888405,0.622968370002301,0.996749746516436,0.762721355898884,0.826838331028299,0.686378006338319,0.700002550343017,0.700002606487991,0.700002685103075,0.743752753330199,0.743752880080694,0.743752865644151,0.743752768615165,0.743752949104908,0.7437530650387,0.686378215058723,0.700002400629145,0.686377940013598,0.686377933955706,0.600580491403009
55,0.548558013340729,0.548555579179106,0.456119311995384,0.456117231366926,0.456117176814283,0.456117111152781,0.729793105008196,0.852036974373452,0.904148066555362,0.818439112797736,0.877698062989025,0.877698798976102,0.877697807609523,0.932553827643542,0.932555273812755,0.932553843049698,0.932553910873194,0.93255571572926,0.932556934442053,0.818442792016386,0.877692064027961,0.818440447344981,0.818440217983592,0.716129878594585
56,0.466952270041174,0.466949225187231,0.338047524180816,0.338046681376328,0.33804578066031,0.338045366853571,0.540876497255244,0.624812872093762,0.562628658913123,0.521903407975077,0.747135769941673,0.747138929138097,0.747140475321817,0.793834613876225,0.793838077201486,0.793837995024014,0.793836175956112,0.79383732767702,0.793839210806427,0.521908682028464,0.747138784053791,0.521904426618278,0.521904698226639,0.456664135260169
57,0.432722125658105,0.432721962596918,0.545331169019323,0.545331047476851,0.545331119681178,0.545331111427805,0.872530202234536,0.919775230079547,0.60470272866413,0.950164358169828,0.692356048632716,0.692356031131721,0.692356109767778,0.735628340331703,0.735628403793752,0.735628462624824,0.735628292037519,0.735628546106011,0.735628589111215,0.95016480740512,0.69235589422384,0.950164546203151,0.950164548315679,0.83139356102082
58,0.37855421766684,0.378475422001816,0.409140858754755,0.409086213931819,0.409074838198695,0.409075225679256,0.654683720458815,0.622488019533654,0.516864963459741,0.664709957092833,0.605855109154089,0.605879668396914,0.605847839770063,0.643711291480049,0.643759650752009,0.643712006974296,0.64371092921063,0.64377058091658,0.643809641800732,0.664813485278552,0.605664616669586,0.664747593627232,0.664741410708292,0.581499196046095
59,0.209749035244996,0.168988622961137,0.0495443514211449,0.0414734546112937,0.0414734546112937,0.0414734546112937,0.0961397378503938,0.238018974094485,0.291315561031249,0.320850511027358,0.42228139959926,0.434895420317021,0.418540920309428,0.443636225681724,0.468509351213951,0.444008451149841,0.443509486963582,0.474121796291228,0.49408891983904,0.401433310272121,0.324087257962871,0.350175631196338,0.345464632041619,0.185247810835545
60,0.46376949992336,0.462075964118899,0.357522464073804,0.355841380328651,0.355483426178056,0.355494110928105,0.573820868806383,0.982803767589124,0.976323087921782,0.715182267912685,0.745639572533651,0.746165225089979,0.745484027670675,0.79203226688834,0.793068633845196,0.792047738100089,0.792026779226605,0.793302668840417,0.794135471125538,0.718538667950549,0.741554207272547,0.716402411729805,0.716206226245207,0.621816843166409
61,0.406733634457066,0.406713798999003,0.582545556612186,0.58252869734945,0.582525349265737,0.582525638520964,0.932092183966362,0.583695164939486,0.601683911983502,0.657087991988363,0.650817982027442,0.650824256622956,0.650816167921653,0.691491536039359,0.69150368941443,0.691492024874067,0.691491664576598,0.69150674927367,0.691516489834608,0.65712971244288,0.65076971082534,0.657102126896764,0.65709938767279,0.574901507890421
62,0.539108166710053,0.538949510908361,0.499176395282842,0.499045900750572,0.499018092329153,0.499019217472941,0.798821687074369,0.859823791466381,0.970929442598072,0.935268984923232,0.862912023707624,0.862961399794447,0.862897416558374,0.916824218440975,0.916921812118302,0.916825787695647,0.916823788356518,0.916943854553845,0.917022279290943,0.935615037113252,0.862528545802293,0.935394542271707,0.935374292604933,0.817952565644893
63,0.43020612247321,0.430203467101477,0.395925600001935,0.395923918412585,0.395923795753862,0.395923720084168,0.633483024326781,0.676839837644701,0.449375229480873,0.478401228379149,0.688335428516077,0.688336093194829,0.688335014766293,0.731355988670643,0.731357568091207,0.731356012630315,0.73135593734773,0.731358052674946,0.731359232133463,0.478406572989071,0.688328884539303,0.478403168505119,0.478402844981241,0.418594771061795
64,0.55514273248984,0.555140131581934,0.46747819770796,0.467477280279888,0.467477996436358,0.467479718883995,0.747977526205418,0.798198568645872,0.882044089878276,0.797582962355668,0.888247173494353,0.888248898946858,0.888247856148724,0.94376222640717,0.943763130454094,0.943764501240736,0.943763848385571,0.943765490661371,0.94376688174371,0.797588489182973,0.888239524225694,0.797576561077985,0.797574033757639,0.697869001551031
65,0.485440059208379,0.485402917713953,0.715936229509505,0.715907185321543,0.715901342774034,0.71590218890129,1.14553297201274,0.871672065267292,1.03554518899854,0.761956742916018,0.776790235852421,0.776802162121355,0.776787285536208,0.825334965055306,0.825357342508025,0.825336437174398,0.825335685846799,0.825363564334984,0.825382024761361,0.762011380942394,0.776699557299036,0.761973835464368,0.761969898618698,0.66664431653482
66,0.342083618064354,0.34195702960203,0.571217200888769,0.571104246573539,0.571080436728757,0.571081123125833,0.914067755169253,0.904548429800891,1.01086445933107,0.753216601757051,0.547603527050213,0.547642724165647,0.547591835681255,0.581812960029067,0.581890314999897,0.581814218573412,0.581812562933665,0.581907901136293,0.581970202841726,0.753433813260812,0.547298130251955,0.753295590010416,0.753282722546329,0.658807907239941
67,0.511161500638649,0.511157052600909,0.487036896211178,0.487035637481742,0.487036300412173,0.487038739034549,0.779275686528235,0.908882688945034,0.787240795350557,0.651793852859594,0.817891608097369,0.817894705273921,0.817892990561056,0.869009198292487,0.869010704581197,0.869013248161191,0.869012084631217,0.869014902883843,0.869017439674608,0.651801308792685,0.817878343954496,0.651785091592319,0.651781508209421,0.570297469505615
68,0.474018579540463,0.473999600008503,0.398436051173784,0.398435556602533,0.3984392350149,0.398442917372557,0.63752576612335,0.610031995826724,0.954398914208506,0.906103842771812,0.758585502187261,0.758608764083728,0.758586694440302,0.80598268301651,0.805997784348812,0.806015608656962,0.806008358890939,0.806018804454533,0.806032117351316,0.9061298765052,0.758521492453799,0.906066870587102,0.906062504252417,0.792775734633417
69,0.575613681222532,0.575485081885553,0.538620620725086,0.538620106784507,0.538658150540399,0.538696661083054,0.862066425357193,0.935128445114874,0.946160559747905,0.849223609606904,0.922118745707693,0.922280862416232,0.922102469336705,0.979624066803024,0.97972174389998,0.979859456795732,0.979812310650502,0.979888032504223,0.979978160356814,0.849355662704552,0.921606589306882,0.848957895494096,0.848925854730322,0.742631727766808
70,0.552748668928152,0.552731396827937,0.676405276600801,0.6764016727511,0.676398407737062,0.676396545800844,1.08224967255673,1.01424137811658,0.872724304970341,0.86619439813345,0.884463346483896,0.884480868174201,0.884489547015626,0.939758709586053,0.939777780863615,0.939776823050796,0.939768422583233,0.939773280968878,0.939784963439055,0.866239849804762,0.884481808215592,0.866208700330296,0.866210816439255,0.757915480537761
71,0.551323676758259,0.551317873468806,0.626389307051986,0.626386273400035,0.626386089339475,0.626386507409751,1.00222941485972,0.940381014486452,1.08110029930563,0.877982073445499,0.882142589614471,0.882146079889605,0.882142297035065,0.937274453131811,0.937278377567146,0.937278081378698,0.937277172086401,0.937281140660187,0.937284416481869,0.877989602404004,0.882126672907819,0.877980163287274,0.877979390527162,0.768221769886989
72,0.540224516269762,0.540023992861978,0.475074689407671,0.475074046969032,0.475138025351228,0.475203133232785,0.760581701059446,0.946443214095183,0.963774898150907,0.626308773059318,0.866131838448195,0.866384691947915,0.866106510231377,0.920066984551904,0.920219199798116,0.920434019536886,0.920360440761658,0.920478558619201,0.920619251876891,0.62647775252773,0.865333215200971,0.625968857115988,0.625927939047714,0.547458649548828
73,0.473313293615395,0.473298239469461,0.545723722173619,0.545719700456499,0.545722999188027,0.545741012681815,0.873276512664761,0.778772755289381,0.896261242553889,0.659020815413002,0.757435631175512,0.757446151552629,0.757444341704069,0.804776666325618,0.804779302418748,0.804791744395761,0.804786999940108,0.80479579278462,0.804804311737397,0.659041985893825,0.757391557631403,0.658975661361572,0.65895500931409,0.57654968243472
74,0.36288980959959,0.361164429556397,0.423473687092494,0.42347105321247,0.424096736388188,0.424718755026279,0.681980191796454,0.365990667054612,0.638342173665497,0.736420951107776,0.595882763579174,0.598067568140349,0.595653369151644,0.631403784269853,0.632720887852269,0.634573910107033,0.633940353639279,0.634956143075457,0.63616648515545,0.73784623134272,0.58899034411709,0.733548801529554,0.73321843942245,0.63964464605563
75,0.562718331605619,0.562700049364786,0.468158138076819,0.468157772663716,0.468163201485004,0.468169209927444,0.749095885139088,0.822641515560072,1.03140701796406,0.786899171695811,0.900505825417998,0.90052815594638,0.900504702110819,0.956771232660158,0.95678583562238,0.956804696562273,0.956797841146314,0.956808404104639,0.9568207407651,0.786921906564951,0.90043850986587,0.786861348798359,0.786856366494389,0.68847151284071
76,0.0351303336726231,0.0351303336726231,0.0389853764119477,0.0390891171040863,0.040122668797049,0.0411086059155793,0.0690344315437842,0.0724128228641671,0.0919339577829283,0.0675368834615344,0.0562085338761969,0.0571887201238219,0.0562085338761969,0.0597215672434592,0.0597215672434592,0.0597215672434592,0.0597215672434592,0.0597529290123858,0.0610855813427843,0.0701164218068713,0.0562085338761969,0.0627149439931506,0.0622081566930408,0.0534149899287677
77,0.466926212839495,0.466920503645447,0.578324181371048,0.578323671985742,0.578324175210256,0.578326868422189,0.925335681942348,0.714493205108716,0.752829247272069,0.65432343968324,0.74712623812599,0.747127543161546,0.747124406115631,0.793818151043,0.793824194429001,0.793830289061309,0.793827926178803,0.793829824723441,0.793831688890522,0.654327082283924,0.747113296297262,0.654313190179315,0.654309964023678,0.5725130207935
78,0.61012531880474,0.609839149939455,0.677432146706458,0.677375833535409,0.677422060603464,0.67767796822266,1.08558128488498,0.651413343041089,0.992337688155781,0.928920122867982,0.978757791598087,0.978960912023033,0.978930314426085,1.03996114521337,1.04000524568276,1.04023839846321,1.04015065751733,1.04031850645388,1.04048050691066,0.929264610055276,0.977918121567409,0.928190542741669,0.927855303059258,0.811290418948314
79,0.180297143099359,0.176401341408255,0.127085671073551,0.127143128148214,0.127135000654771,0.12710252060006,0.202902519637525,0.554732229582979,0.20368102025587,0.200714598796567,0.30604732194412,0.308650760976612,0.308396368076734,0.32768792703424,0.3308163830256,0.330599805604061,0.32761342023193,0.328596508584618,0.329989920591727,0.200662860907104,0.306050655815494,0.20078342517335,0.200806871522089,0.175727762324192
80,0.035064634596309,0.035064634596309,0.0293318671709899,0.0293318671709899,0.0293318671709899,0.0293318671709899,0.0469309874735838,0.0762590238428647,0.0689651329714226,0.0631097412851282,0.0561034153540944,0.0561034153540944,0.0561034153540944,0.0596098788137253,0.0596098788137253,0.0596098788137253,0.0596098788137253,0.0596098788137253,0.0596098788137253,0.0631097412851282,0.0561034153540944,0.0631097412851282,0.0631097412851282,0.0552210236244872
81,0.427074054480241,0.426940425298402,0.400013592764494,0.399975499319298,0.399962519044075,0.400019664895169,0.640318649921876,0.938309108584734,0.856848105796785,0.881720302021894,0.683858912010769,0.683852446215347,0.683876116774927,0.726613418297631,0.726680290575448,0.726704805856281,0.726627535723145,0.726631110508371,0.726692804975451,0.881801511737578,0.683789955662726,0.881634953156083,0.881612913617101,0.77130953127721
82,0.0299833881192524,0.0299833881192524,0.0454635739490188,0.0454635739490188,0.0454635739490189,0.0454635739490188,0.0727417183184302,0.0813870367961574,0.0841364395754143,0.07124913201761,0.0479734209908039,0.0479734209908039,0.0479734209908039,0.0509717598027291,0.0509717598027291,0.0509717598027291,0.0509717598027291,0.0509717598027291,0.0509717598027291,0.07124913201761,0.0479734209908039,0.07124913201761,0.07124913201761,0.0623429905154087
83,0.100138391801813,0.0861749082298739,0.0439933669281378,0.0439933669281378,0.0439933669281378,0.0439933669281378,0.0703893870850204,0.120134878509343,0.114461979700856,0.176623839240735,0.184375327232305,0.18745795553912,0.193423965428655,0.203975279585092,0.206782980197156,0.201645849904008,0.198579032769107,0.199120354536133,0.218895005226661,0.204279667411018,0.189049490211468,0.180756299388705,0.17999778400428,0.146762015118969
84,0.449351702347171,0.449143174373216,0.520341446853826,0.520274637037674,0.520279823649516,0.52030806430001,0.832959487400183,0.761408205170428,0.632637649735819,0.662415338740727,0.719878019208526,0.719976636411627,0.719976980913356,0.764976321038424,0.76512810943188,0.765133343686631,0.764984495141616,0.765028314233067,0.765105695105438,0.662728039174156,0.719852237390154,0.662142868757439,0.662066297050337,0.57897255509738
85,0.470008528382808,0.46995964925302,0.671444261083708,0.671433400843341,0.671431796442655,0.671458746142639,1.07449022665232,0.880110835358958,0.79075012371063,0.808381377995711,0.752277565613884,0.752298665222195,0.752302159665874,0.799382260656141,0.799455111540113,0.799542241153095,0.79951681630762,0.799607429974848,0.799543521347786,0.808542978857344,0.752354386938638,0.808306960621355,0.808174118159533,0.70699525564118
86,0.405113184099427,0.402812829947926,0.309850661543984,0.3091970176197,0.308955285908939,0.309967450959512,0.50088594216877,0.876165877627072,0.898580891255547,0.574030599345574,0.657418058464781,0.657244616346701,0.657669629099252,0.698659975303142,0.699766135337854,0.700168357921457,0.698851822506457,0.698852056447114,0.699954690953214,0.575642102690282,0.656150346334496,0.572295712161392,0.571888696420477,0.49835594754697
87,0.404465232326913,0.402698458340849,0.339797215585401,0.34009464714122,0.341134148576443,0.344827610003392,0.5575479271239,0.608126746865865,0.590341188490755,0.817084916711095,0.659599623308867,0.659411722617665,0.659281283893881,0.700305837290718,0.702503770900073,0.704130613641365,0.702344923408995,0.699806303224263,0.698906122424998,0.815765475774567,0.654677090934478,0.81321941616909,0.813449076769618,0.708184004015488
88,0.506071134826716,0.504590565557167,0.391163151567354,0.390592464041901,0.390296141841851,0.391122613067808,0.629561200782082,0.976902228685976,0.915625675830435,0.655812496367347,0.820668059256922,0.818759177411584,0.818635609060068,0.87007868075807,0.869720021585492,0.871593485126742,0.869847780639796,0.870817655363852,0.871035119951966,0.656602814897989,0.819398137198802,0.653484765979095,0.652885134744523,0.570129995686358
89,0.188877187420951,0.178862295403947,0.162419089322081,0.158058639494396,0.155588955233197,0.158267501201427,0.278636844820927,0.201920012318562,0.327411135085888,0.254621357565299,0.332031191276226,0.333109297655745,0.335812366311068,0.356058902800633,0.360573359131624,0.35940363233863,0.355360611978893,0.35690109673368,0.363911554525509,0.264773174808007,0.33092191094619,0.250481041842838,0.248427802624195,0.209901825912129
90,0.532918428667223,0.532841064665985,0.356945502065277,0.356929738724208,0.356921608328856,0.356974912763091,0.571451348739194,0.827152437766879,0.755117235716982,0.683901935740532,0.853088415270956,0.853081465741684,0.853069081185512,0.906485079470429,0.906649865837877,0.906796488872228,0.90674986943517,0.906858777928456,0.906759206408489,0.684074874336259,0.853205504957735,0.683776746931878,0.683613086384558,0.597937152324581
91,0.448900730101023,0.448527862976004,0.551883686923808,0.551869746177026,0.551774766756566,0.551936039293894,0.883945307264358,0.780522375662526,0.923255433878332,0.766138210024979,0.719831909976177,0.719015336926868,0.718576405038505,0.763871039378846,0.765429082774024,0.766100057522764,0.765835541722316,0.765554872238447,0.765307602136219,0.765806490555412,0.720200071833286,0.765755621913967,0.765904246747447,0.669813876729836
92,0.547281100658334,0.545865148151834,0.521442248697361,0.521165100824574,0.521104021856579,0.521939191525195,0.839683772626877,0.649221527648765,0.589081261143834,0.641657112623665,0.883745676546596,0.884404040668297,0.88455618829514,0.941754121895255,0.944011722699019,0.946733983215777,0.945921249472629,0.948723632752773,0.946661677940501,0.644558140872376,0.886094691340402,0.640182964559817,0.637602487621807,0.55492112025352
93,0.437143366845239,0.43712064202354,0.560137170148279,0.560133010439843,0.560131061512328,0.560141064870792,0.896283440495091,0.954074606993645,0.972913500514583,0.651544159042846,0.699543571005199,0.699542397608699,0.699540110410555,0.743284983086473,0.74332691024596,0.743362143840697,0.743349193495342,0.743376337167848,0.74335490615369,0.651581295784584,0.699570840641002,0.651518433379878,0.651486712835535,0.57000510416703
94,0.141264794370813,0.135130592542934,0.28119322572541,0.278282404444369,0.276652007087609,0.278442001847416,0.462525714282343,0.417854723544376,0.545105616232292,0.382989836232366,0.244344637806606,0.245006051751087,0.24666823349661,0.26163012619308,0.264409540956486,0.263690724411632,0.261202910073922,0.262148645844889,0.266458508095981,0.388676776636414,0.24366112977804,0.380676917580088,0.379528622550923,0.327907232778486
95,0.302402551937173,0.30238731291121,0.459983612075915,0.459979646932714,0.45997854461688,0.459982764914158,0.735994456336407,0.456462671485479,0.409279347727614,0.618179925478122,0.483893465201814,0.483899896757411,0.483902657020764,0.514141328398391,0.514150549899293,0.514150541693159,0.514147795013483,0.514156136906786,0.51415820924141,0.618193641684122,0.483899066567579,0.618180454562974,0.618176548406056,0.540897364072764
96,0.413198455263687,0.413155638278274,0.468827076013273,0.468816224088641,0.468814276694948,0.468827320447422,0.750185270195329,0.901688812004813,1.01401693283637,0.647920007068244,0.661250964085217,0.66126473169328,0.661269732558831,0.7025864345876,0.702608340505412,0.702608868282869,0.70260429443069,0.702630775311931,0.702630409049878,0.647949675161157,0.661262092025611,0.647918330879257,0.647905260374716,0.566900593338063
97,0.461547711274915,0.461537084899333,0.432439313481619,0.432437438217508,0.432436223493655,0.432436197867232,0.691907007944339,0.756791422173704,0.752929674870891,0.634253616980685,0.73851504848188,0.738523790818388,0.738528512920079,0.78468093379427,0.784691276474616,0.784690702892793,0.78468576811794,0.78468861311818,0.784695674605864,0.634271212018718,0.738523777508052,0.634257166916661,0.634257122735077,0.554966706240051
98,0.389609773982668,0.389041284411902,0.412375227436834,0.412107107544447,0.411957379449105,0.412126486038297,0.66098887285417,0.679956411629986,0.64923280177177,0.544787280718147,0.625091125927253,0.625151015370436,0.62530204379487,0.664350807062672,0.664620349036537,0.66456802035398,0.664335883499556,0.664432666083759,0.664818319103605,0.545424217115838,0.625039099873104,0.544521709323323,0.544379066072435,0.475852581280346
99,0.373885925487663,0.373749682633294,0.611855018011235,0.611822406364757,0.61178980510086,0.611767470753073,0.978963046339495,0.522411401116324,0.441573937647754,0.694996871321948,0.598741836355712,0.598888684379291,0.598959282409348,0.636298792544893,0.636454803191127,0.636446514807254,0.636380018744213,0.636418175716495,0.636510805955823,0.695335051715371,0.598898675772916,0.695111634479104,0.695131072067432,0.608102235692134
100,0.605489279027034,0.604986968900122,0.613773887511051,0.613658605509405,0.613541351095354,0.613460386432139,0.98201171570173,0.93201422826948,0.923572338838632,0.649151821333257,0.970688390643563,0.971231135126714,0.971506310782681,1.03187268894008,1.03245183748166,1.03241518138466,1.03216804680655,1.03230535379247,1.03264713818088,0.650332178334288,0.971309598951753,0.649563456558448,0.649633243231301,0.567957351018566
101,0.659967194179877,0.659957206039574,0.604608739883719,0.604607599098689,0.604608440640058,0.604609521922288,0.967382680957536,0.885073855465488,0.612355080253926,0.650471071767873,1.05601345432348,1.05602326448391,1.05601363947986,1.12200838264828,1.1220158927568,1.12202104945709,1.1220183152813,1.12202437885316,1.1220308439029,0.650480959466423,1.05598225360979,0.65046339171551,0.65046205254913,0.569142033002452
102,0.517276729655721,0.517268895866526,0.51494624518385,0.514942508591371,0.514940673258637,0.514943012575877,0.823930477051132,0.724875944667582,0.813082817765225,1.00369198834398,0.827667173831439,0.827668079443822,0.827669842546461,0.879398759358139,0.879402806878082,0.879402469283755,0.879399373798091,0.879400940480999,0.87940577183496,1.00370311364926,0.827666306865994,1.00368708430864,1.00368435069606,0.878215222265537
103,0.490163957843923,0.490161797770282,0.432169249751536,0.432169048910965,0.432169286380054,0.432170489642342,0.691478258818325,0.780473194704519,0.542159078398256,0.538346577067416,0.784275578055432,0.784275936589165,0.784274538877993,0.833292329044358,0.833295736258561,0.833298636861292,0.833297628186911,0.83329909115883,0.833298692966508,0.538349474021875,0.784273855712884,0.538343026648368,0.538341242479041,0.471044532061316
104,0.678304985312999,0.678243475877094,0.605074433083765,0.605041053253334,0.6050227179805,0.605043982408766,0.968267880943972,0.751746361066733,0.612984317347937,0.656148878706121,1.08547395643762,1.08548092435752,1.0854970732971,1.15333662158019,1.15336604404411,1.15336057682396,1.15333576184273,1.1533468729548,1.15338775806607,0.656227844812693,1.0854690340521,0.656116694634658,0.656098958809297,0.574027563779539
105,0.420182853574053,0.420144513961244,0.460509282814739,0.460503928631939,0.460512087405881,0.460536175507214,0.736976770808333,0.63133257176568,0.764448402457382,0.574771572630857,0.672625664513867,0.672656696208653,0.672642000953594,0.714659858573093,0.714671200734233,0.714702748706276,0.714690801574578,0.714713449860178,0.714736141750599,0.574825617667485,0.672505580506555,0.574666030854915,0.57463004394797,0.502717174701271
106,0.388701376189604,0.388693337877459,0.435345338298463,0.435337818434034,0.435336420638243,0.435336737397261,0.696561147611136,0.53566013989176,0.514136845879641,0.463861991558474,0.621940157892285,0.62194258950362,0.62193939539048,0.660810318179111,0.660815190982086,0.660810449854369,0.66081028438658,0.660816485806445,0.660820566080983,0.463889182293509,0.621920407653051,0.463871150251548,0.463869391184471,0.405846307689903
107,0.570642483352197,0.570642195719637,0.390656792410505,0.390656446230966,0.390656726383873,0.390656729235226,0.625051292132694,0.626459715804408,0.834132788059598,0.700357836149483,0.913028641905067,0.913028674358436,0.913028585506882,0.97009279653182,0.970093040242157,0.970092952270669,0.970092813589973,0.970093058598982,0.970093233553139,0.700358142326104,0.913028047790213,0.700357920792542,0.700357765262811,0.612812580548098
108,0.613967334263283,0.613963686352401,0.555860202343523,0.55585949717509,0.555860368153224,0.555863047740802,0.889394008472123,0.97266286829454,0.849294242308492,0.909824283712508,0.982380780784786,0.982383271558018,0.98238300752314,1.043779986029,1.04378049033398,1.04378353800092,1.0437823840464,1.04378456603966,1.04378665891796,0.909828551617809,0.982369931701411,0.909815302494017,0.909811286682052,0.796077732006175
109,0.340343719532229,0.340341778685472,0.412910115937268,0.412909881556282,0.412910420551891,0.412911987053302,0.660667073431417,0.758908163593161,0.633842723569257,0.635945022016857,0.544566492695803,0.544568025381072,0.544567254742396,0.578601585189753,0.57860225177051,0.578603697308591,0.578603146091146,0.578604292342034,0.578605508353247,0.635947207834826,0.544560399043209,0.635940934459067,0.635939463741119,0.556443716224673
110,0.298250645001813,0.296938249628843,0.543161507423893,0.542459790555677,0.542555535707891,0.542559445918698,0.871521857329671,0.712853845111319,0.943920537687272,0.700423926995262,0.479495805604854,0.479569724964247,0.479149911323724,0.509290163438739,0.509684800284912,0.509971459138815,0.510055040037478,0.51061683412549,0.511112228094994,0.703194053897336,0.480274988923405,0.700960573783626,0.701164737511296,0.612892895477401
111,0.370674725709201,0.369623170070258,0.377745174250224,0.377367346335707,0.377434140210901,0.37749179858303,0.606560653847905,0.60666579824045,0.637549901364207,0.760879461487673,0.597810651966858,0.598510383816882,0.598443376318261,0.635847321282395,0.636689184964997,0.636630353821608,0.635825432605596,0.636095934198871,0.636475619726108,0.762361981921663,0.597808211023125,0.759608703320081,0.759272053111211,0.662805213062862
112,0.216722039594336,0.172282492127166,0.0511504324184989,0.0450925087954453,0.0450925087954453,0.0450925087954453,0.11581141137248,0.362151213899329,0.417753743101181,0.262538898487384,0.421525810184981,0.423388385354145,0.408909702861806,0.441165389019237,0.453997772949258,0.463983019001245,0.467685088961867,0.486870145520396,0.503644122364937,0.334090018355958,0.448523384598168,0.277978280590692,0.283702138180458,0.233292578788622
113,0.384289404733354,0.38428359641084,0.461995427070152,0.461991289472991,0.461991930612383,0.461992808560706,0.739211816281223,0.854074545615036,0.760914480524344,0.815668035417144,0.614877392984636,0.614877600885854,0.614875718778684,0.653307202556952,0.65331038325895,0.653313034646183,0.65331287338607,0.653316509104973,0.653317317601744,0.815684591338591,0.614880818650816,0.815668902194802,0.815667679264512,0.713703153319353
114,0.308119041315871,0.308006747925252,0.528329886109845,0.528273674869033,0.528280942098829,0.528286848342112,0.845554142246264,0.475602105092429,0.640649091998799,0.539782816558198,0.493239704284062,0.49325138880387,0.493221071130582,0.524079947852039,0.524130932117773,0.524178151585998,0.524176876366301,0.524245632540651,0.524263672628763,0.540020559040626,0.493320406093932,0.539809938280792,0.539801509037439,0.472251143889335
115,0.544685420735156,0.544675006453376,0.496011304834286,0.496008883408044,0.49600953191461,0.496014820756143,0.793666705499621,0.806881430178531,0.477951218665012,0.649522941889955,0.871551830595601,0.871544360426688,0.871535731961562,0.926009447494933,0.926027508139485,0.926034761463258,0.926032308978447,0.926041066455288,0.926037354754847,0.649527611743415,0.871544093112732,0.649508092533725,0.649499368478452,0.568299094803602
116,0.524271182775428,0.524076625498427,0.570850735807468,0.570822080701806,0.57081754934369,0.570889514064757,0.913840593141308,1.03536510332519,1.03220211636221,0.809579784169802,0.839882745509663,0.839966569932266,0.839980594877366,0.892723010599112,0.893012376616062,0.89335924067643,0.893257821931972,0.893617957188875,0.893364070765674,0.809961660393913,0.840188283067927,0.809403716836476,0.809089718515951,0.707582307497862
117,0.407670052890464,0.407663953330235,0.289447549011804,0.289446201594528,0.289446215197474,0.289449283862418,0.463136621209786,0.778089114805961,0.778386757938433,0.676788694365173,0.652305036565286,0.652307507199918,0.652308011980556,0.693084910335129,0.693093947044053,0.693104853096541,0.693101585486018,0.693112958542141,0.693105081356097,0.676802243527063,0.652314520982967,0.676782441347743,0.676771255124229,0.592161605571737
118,0.54493132091192,0.544790909856605,0.470434722493026,0.47036990404542,0.470378115064017,0.47038480394461,0.752956544897505,0.88809233379419,1.05371582318528,1.00169837191743,0.872201833908975,0.872216347755514,0.872178517565831,0.926730505473451,0.926794311751102,0.926853258117749,0.92685158951825,0.926937620111772,0.926960041375904,1.00200498319201,0.872302732346915,1.00173329846746,1.00172259884102,0.876410155446004
119,0.413499269899267,0.412134232781344,0.34984248412775,0.349538987967945,0.349472190581037,0.350386875934885,0.565635997342081,0.731385703353553,0.724831613518294,0.431816523057018,0.669403865458649,0.670038671887571,0.670185506035348,0.71391697176977,0.716092377475438,0.718716031060589,0.71793326655765,0.720633468755359,0.718645836421782,0.435428635445588,0.671668950432429,0.429975939264848,0.426764779814563,0.369705951962733
120,0.463831890895998,0.463743283285972,0.602620690609588,0.602601720992915,0.602598832130024,0.602646083137726,0.964508517071515,0.764491327052473,0.844924846837701,0.67308222567253,0.742608883732853,0.742646959845861,0.742653489357729,0.789180315548743,0.789312211486027,0.789470077765259,0.789423860144012,0.78958797430381,0.789472331081115,0.673319320065018,0.74274798653459,0.672972906661118,0.672777941398762,0.588450025591237
121,0.501925066049713,0.50188353797476,0.54116084689993,0.541146894323537,0.541139370311883,0.541148305023354,0.865919347029881,0.68126125594098,0.525646186551514,0.688678144616815,0.803205488002073,0.803210294319048,0.803221134044884,0.853419780617637,0.853439684531323,0.853435913761679,0.853419195370585,0.853426727624494,0.853454233898327,0.688716753178861,0.803202231467799,0.688662402719483,0.688653791368234,0.602543143100979
122,0.478108151421517,0.477905198036938,0.578770232378201,0.578741468741373,0.578726301525614,0.57882392751383,0.926651619153008,0.789283789216885,0.902451795610827,0.629887935137323,0.766070682114422,0.766052725659907,0.76602025051027,0.814156471515776,0.814588652335356,0.814972742247533,0.814850640311106,0.815136159547559,0.814875062021676,0.630161959210252,0.766377862319565,0.629689837910194,0.629430761061215,0.550396596363464
123,0.419471333514994,0.419467017369483,0.421546696774179,0.421546232009449,0.421546392652499,0.421547932105862,0.674484537380048,0.826186439830929,0.784229980460428,0.68773623407097,0.671181715672853,0.671182654740753,0.671179546412026,0.713129549344825,0.713136770889708,0.713142804723062,0.713140590870737,0.713143761686323,0.713142637716645,0.687740580023983,0.671178192523186,0.68773089824974,0.687728127660594,0.601756110098218
124,0.538834537426968,0.538829205752194,0.515249136252153,0.515248930662769,0.515248109924324,0.515250153116668,0.824411424085156,0.631288160399762,0.449258580982967,0.702840606186058,0.862159719151703,0.862149110665069,0.862143221426764,0.916032193157553,0.916053085689223,0.91606245828654,0.916058777564833,0.916055414398964,0.916052284843803,0.702837388087085,0.862163685429978,0.702835555636919,0.702836823237612,0.614977545650543
125,0.514807772637353,0.5147868780354,0.426065276459617,0.426061473895414,0.426059554013044,0.42606929924199,0.681765914718906,0.721238065743827,0.780896085926266,0.594602588841349,0.823797427993581,0.823796282332103,0.823794208363415,0.875303041762867,0.875341598774078,0.87537398912034,0.875362197131126,0.875387062645655,0.875367434491795,0.594632146594366,0.823822481844216,0.594582087743081,0.594556826255697,0.52020085037768
126,0.428072243659104,0.428055070503383,0.585442120337662,0.585441772201823,0.585446129566684,0.585450898373628,0.936741561579619,0.544055479308438,0.501712200895223,0.651452594982019,0.685062528655729,0.685083595754195,0.685061480325914,0.727863875105677,0.727877500327578,0.727895137198563,0.72788874539451,0.727898743086831,0.727910389796591,0.651471578314995,0.68499937734388,0.651421087790793,0.651417089137839,0.569966828615635
127,0.291114044476621,0.291035554982534,0.321375673923619,0.321372836798957,0.321355884960831,0.321385200605923,0.514371615249813,0.741961411086077,0.617788770579455,0.503996328534971,0.466119201588951,0.465951626567182,0.465861458791503,0.495058326713357,0.495381549363683,0.495522304483198,0.495466813783716,0.495411637864233,0.49535918610996,0.50394298981945,0.46619668431509,0.503929207288851,0.503951860351082,0.440894359808851
128,0.436215520599597,0.436209566734346,0.321816323835458,0.321815470788425,0.321816273714521,0.321820010864022,0.514929912873474,0.69570399141918,0.816566764749398,0.887680840282237,0.697992683970812,0.697994046458795,0.697990688615714,0.741613441903406,0.741619978859602,0.741626473772341,0.741624003205879,0.741626012421322,0.741628021615305,0.887684327298679,0.697978812762387,0.887671122910357,0.887667960798147,0.776701707841796
129,0.311501714138357,0.311492890062105,0.385709057196021,0.385706157637093,0.385703705918027,0.385702157740841,0.61713557082532,0.748538055016891,0.772923983874035,0.649219434776077,0.498436505548427,0.498445380805338,0.498449865517359,0.529597114515055,0.529606891700735,0.529606456476939,0.529602107506275,0.529604630278043,0.52961055374491,0.649246403449437,0.49844592906888,0.649227865421293,0.649229157980199,0.568064239559348
130,0.275706343589704,0.27570159789407,0.395355963396903,0.395355355060712,0.395355705889317,0.395357481543722,0.632581684334052,0.779613894777377,0.788256830703544,0.59400530589015,0.441159872995232,0.441160791361477,0.441157586629328,0.468731409117383,0.468739259280749,0.468745651460536,0.468743260293602,0.468746661325177,0.468745427272058,0.594010756956757,0.441156144895231,0.593998521339383,0.593995175453623,0.519738198177019
131,0.509501989759693,0.509321002914545,0.511591821651394,0.511591213798911,0.511646042752146,0.511701610526511,0.818942331147091,0.819715352262076,0.610865486851367,0.375938531539753,0.816803105199867,0.817031416760668,0.816780341769749,0.867674560704729,0.867811877684162,0.868005862252447,0.86793944484636,0.868046093907633,0.868172860044017,0.376100139029032,0.816082419241345,0.375613340463982,0.375574059481453,0.328408990961188
132,0.367023093533561,0.364148240899412,0.328895428357445,0.327895048278532,0.327939807995649,0.329770917930942,0.533820611347788,0.669057811958595,0.727235704853533,0.682939625215414,0.595407402308224,0.595631232201289,0.595583960159815,0.632330424767762,0.633202585121652,0.63331457871751,0.633443030363121,0.635485206825935,0.634827913564885,0.68481991412821,0.595383546885272,0.68225257205823,0.680541137970738,0.594212792907135
133,0.0976259955957923,0.0749633055943317,0.0362585463028607,0.0362585463028607,0.0362585463028607,0.0362585463028607,0.0969891856028451,0.195005633427004,0.274688710301646,0.208474583565808,0.218333552758034,0.221065521899623,0.220992292593739,0.230351874891479,0.236273026684744,0.236364591959076,0.238580409153086,0.256366616015879,0.250692001324685,0.224416915863202,0.219073789984162,0.203132449434809,0.188769083908831,0.15490842617592
134,0.433493449277198,0.43289920022248,0.464708923040046,0.464820254393815,0.465203591380565,0.466563679317267,0.748634129193683,0.938720425953392,0.994090115218252,0.522590843694364,0.697814013356155,0.69774663235746,0.697700779341771,0.741249358322104,0.741993677884744,0.742548593504808,0.741946509193743,0.741073026424578,0.740758389936063,0.52208928330923,0.69613748306851,0.521127120532657,0.521215770188337,0.45470505059902
135,0.494869278080603,0.49469179780539,0.454603199390241,0.454506225046965,0.454506567532615,0.454655732029724,0.728305373759702,0.933793673667607,0.7854749246127,0.773446154833919,0.793253792631962,0.793391215542455,0.793347798400477,0.842847306715524,0.84305897318425,0.843067159391999,0.842503637658786,0.842875413953272,0.842899800204322,0.77249249007982,0.792636542656648,0.771632841614438,0.771425776442441,0.674749428388479
136,0.472259669865227,0.472238698572032,0.591387577326095,0.591380793183795,0.591380795882396,0.591391660893422,0.94628451741097,0.752885462262861,0.827878791413884,0.593395873091274,0.755770443481064,0.75578459592983,0.755780419359519,0.803007634079103,0.80302973133297,0.803030745266116,0.802974921747841,0.803014090092781,0.8030159536502,0.593286683263965,0.755709445609211,0.593180905709933,0.59315372794131,0.518978140716323
137,0.482520130934848,0.480666753618353,0.443945316639943,0.443241199468371,0.443242250967188,0.444326706496999,0.717151673232772,0.894839306479574,0.389499658735559,0.467018606113662,0.787329414813867,0.788768252063512,0.788312657073202,0.836697576819322,0.838909851230895,0.838995832814461,0.833100277301674,0.836987200561489,0.837241356090233,0.45981897508417,0.780872303620256,0.453334820185024,0.45177465098925,0.393432127719208
138,0.0352646449169213,0.0352646449169213,0.03713810103949,0.03713810103949,0.03713810103949,0.03713810103949,0.0594209616631841,0.0590276659741537,0.155854477544163,0.134476142379691,0.109604460767613,0.117023230228092,0.115058045325445,0.118022203532525,0.126890171855043,0.126789050262695,0.0990472739609244,0.116757725393331,0.117777932481169,0.101252933211173,0.0785706691214695,0.0732337196376073,0.0668851941636857,0.0535296564570631
139,0.0406169516764094,0.0406169516764094,0.0436315512040955,0.0436315512040955,0.0436315512040955,0.0436315512040955,0.0698104819265527,0.0689409182190461,0.094103200898621,0.115255062826493,0.080982344458431,0.0812648139683358,0.0792434355004241,0.0872997184844273,0.0945605785543314,0.0877052832379327,0.0805326059363447,0.0793351405212384,0.0871531198623531,0.104658630016772,0.0715154752346101,0.0939258557430125,0.0914166952424735,0.073959854327166
140,0.316007188572959,0.315809389040131,0.341770517878975,0.342511281017944,0.342696345214766,0.341382130585288,0.549836563112863,0.662468027222887,0.621833367718118,0.618236721823244,0.504202098894845,0.502569497499335,0.506329524711497,0.530326295196229,0.529079178727842,0.528481791581246,0.527335732125072,0.528130790199608,0.530093917998309,0.615002912337762,0.507704643988506,0.620451730939062,0.621279826298426,0.544277348654532
141,0.397761044554029,0.395649059535272,0.458390976578036,0.457858701533995,0.457859310803298,0.458680456908999,0.738595046942207,0.558789295585457,0.449144666663611,0.724631262569124,0.65387872471648,0.655524918238971,0.655003736989404,0.694929169957472,0.697461253967281,0.697559602866827,0.690817147346716,0.695261853458189,0.69555390987114,0.717403266267308,0.646501340693886,0.710895601506099,0.709330360862731,0.61878669197758
142,0.0370064005436552,0.0370064005436552,0.0494915068941921,0.0494915068941921,0.0494915068941921,0.0494915068941921,0.0791864110307074,0.0390844668651512,0.0563487240346499,0.0548501189485723,0.0737220649257447,0.0611472694939985,0.0638676984104242,0.0643843399446062,0.0629108809242139,0.0733567914562563,0.0629108809242139,0.0656287450455472,0.0723684134410007,0.0696323255609125,0.0713532005352407,0.0548501189485723,0.0548501189485723,0.0479938540800008
143,0.028307633855355,0.0269016119828037,0.0364817625691049,0.0364817625691049,0.0364817625691049,0.0364817625691049,0.0583708201105679,0.0582020813611076,0.069820837193798,0.0761215682455115,0.0873351870624466,0.0838895939410134,0.081348914380276,0.0910937218272982,0.0903012006184058,0.0910604882033058,0.0912412464277042,0.0913008985997509,0.0831705857428702,0.068016415018394,0.0787443067275654,0.04883181750015,0.04883181750015,0.0427278403126312
144,0.518940757547017,0.514043356585491,0.354728357167779,0.352629860184682,0.353523283551049,0.358248096004683,0.593781282029318,0.886766655792441,0.915809524019044,0.631685059799038,0.853089645368944,0.847752384718374,0.8468078293876,0.901085449328301,0.901944091611135,0.904250271628316,0.896521571020885,0.90517107200552,0.913643074121418,0.629640855574745,0.853054303550131,0.625259896126878,0.622623772677373,0.540579047957731
145,0.0388749231377996,0.0388749231377996,0.0355342928930021,0.0355342928930021,0.0355342928930021,0.0355342928930021,0.0568548686288033,0.0561397223109396,0.0565572337729733,0.0549280669851926,0.0641118836314654,0.064166273911564,0.0640329200895082,0.0673889811591697,0.0716611972283984,0.0758690426125138,0.0719439807130217,0.0660873693342592,0.0660873693342592,0.0549280669851926,0.0621998770204793,0.0549280669851926,0.0549280669851926,0.0480620586120435
146,0.418880989732602,0.418654785695658,0.361746258032809,0.361635433799519,0.361573815634748,0.361643701822401,0.579284926238419,0.564423207071515,0.624351955384677,0.688694828232569,0.670892488436146,0.670916657809155,0.670976605387318,0.712899323812394,0.71300678166187,0.712985995936036,0.712893878882301,0.712932966626199,0.713085774691897,0.688941677951252,0.670872307886468,0.688592294354946,0.688536966335843,0.602284411664232
147,0.416225905580923,0.415952703028202,0.427644598365442,0.427572575041301,0.427575952777388,0.427707412806993,0.684779388164536,0.672845851230497,0.87582967757493,0.836388927966158,0.666754090285758,0.666777193729053,0.666772134904405,0.708399029408415,0.708484524383042,0.708495280551122,0.708498863905104,0.708697526980578,0.708635798986631,0.836540100825895,0.666742510038059,0.836313176988368,0.836165460137003,0.731534992476966
148,0.554564126089659,0.554477948932614,0.481469244967532,0.481446795475438,0.481424078527221,0.48140839690103,0.7703464316638,0.970185132556232,0.904054734534778,0.877823885979918,0.887629291328881,0.887722111417716,0.88776920274729,0.943194356793259,0.943293606750459,0.943287278191514,0.94324499331989,0.943268505411762,0.943327176099527,0.877987906679639,0.88773542474139,0.877880822349598,0.877890435670584,0.768088491157537
149,0.250637078301344,0.249056953356669,0.227768261663274,0.227033030590886,0.226622196393566,0.22708521689427,0.367688226958088,0.449464210649381,0.596786530628831,0.38825895361943,0.405787436800827,0.405953865687633,0.406373648330927,0.431681312421127,0.432430612848142,0.432284935392374,0.431639951910983,0.431908665397639,0.432980314891432,0.389629369352268,0.405643085252736,0.387688317924511,0.387381503852933,0.337928359654821
150,0.316703692009799,0.316695786111957,0.411796694723371,0.411795251966088,0.411795182114737,0.411796446988929,0.658881077419607,0.623928713165,0.782035534561219,0.642358700047229,0.506751094218164,0.506754316012941,0.50675574509062,0.538425398333578,0.538430053999247,0.538430125674979,0.538428629561374,0.538432953386332,0.538434004784721,0.642363825064154,0.506753921947165,0.642358816401279,0.642357367859766,0.562060039517134
151,0.373125875986702,0.373112433234375,0.495491437588573,0.495489337952813,0.495488263134008,0.495493392344737,0.792818618340717,0.613343264919607,0.705667617367361,0.502320766339345,0.597069100368415,0.597068362751895,0.597066986337889,0.63439760817188,0.634422431308778,0.634443387028079,0.6344357082167,0.634451783909126,0.634439165316537,0.502343891465861,0.597085148340001,0.50230468021614,0.502284775188838,0.439470739883037
152,0.580069092941967,0.579531164143065,0.602749671131867,0.602725383148549,0.602562740344481,0.602839081904136,0.965998572749478,0.850523639148045,0.879017324192619,0.778656982892206,0.930406045638864,0.929228220922537,0.92859497298155,0.98718536946298,0.989433201467782,0.990401203431664,0.990019434938082,0.989614602645318,0.989257936280581,0.778222009514679,0.930937186984955,0.778155367597067,0.778350419157879,0.680594645245016
153,0.418815934863346,0.41880573332616,0.519534023000244,0.519533634989016,0.51953202612981,0.519535501781976,0.831274124624346,0.995287033922991,0.745538260987349,0.826548734823685,0.670152236903415,0.67013207765808,0.670120746960768,0.712012809896804,0.712052877886528,0.712070794373396,0.712063694911604,0.712057312557329,0.712051088144837,0.826544169063611,0.670159844931337,0.826541651107537,0.826543406122975,0.723218984996974
154,0.420020116956177,0.416725186177572,0.388826823369705,0.387489616835624,0.388057944611709,0.391068474722964,0.638907338619552,0.659992996023201,0.640798875118935,0.547167177340518,0.687476625011403,0.683844720148091,0.683203490679356,0.72682123129365,0.727407081701284,0.728976251688837,0.723723279626678,0.729603466216868,0.735388581196111,0.546304618511703,0.687451772203914,0.544454151303572,0.543340095931861,0.473639940745889
155,0.633173572897786,0.633152155994041,0.50242030000743,0.502411195665205,0.502408269904568,0.502421736968757,0.80394232084156,0.859851911698838,0.793217960657562,0.738689170217426,1.01316410066648,1.01316302175969,1.01316680227925,1.0764889589399,1.0764996050769,1.07650356477522,1.07649117397488,1.07649171782506,1.07650166147747,0.738722103252258,1.01315296355412,0.738654488038259,0.738645476908445,0.646273591665671
156,0.0596878841736973,0.0403583267078039,0.0286857608109908,0.0286857608109908,0.0286857608109908,0.0286857608109908,0.10942737498273,0.20960555738263,0.222545100384307,0.209495093903453,0.188549943989746,0.165770713884578,0.161838048769093,0.177774954016456,0.180086399615431,0.189710526077876,0.156759567158332,0.194205614530313,0.230991801313028,0.199696467869039,0.188497749779434,0.183099294590546,0.173350918740114,0.13627392090998
157,0.0266877351187792,0.0266877351187792,0.0407109946261019,0.0407109946261019,0.0407109946261019,0.0407109946261019,0.0651375914017631,0.0609326053161256,0.0775663651722221,0.0685673930770859,0.0427003761900467,0.0427003761900467,0.0427003761900467,0.0453691497019246,0.0453691497019246,0.0453691497019246,0.0453691497019246,0.0453691497019246,0.0453691497019246,0.0685673930770859,0.0427003761900467,0.0732211848272728,0.0772313632733843,0.0710489884817299
158,0.433145868614428,0.433104535714024,0.329351322575662,0.329467689857271,0.329497313445654,0.329289933571869,0.527437566685569,0.857385698475303,0.933800855002737,0.543887202609702,0.692757403314884,0.692431189604341,0.693183183782446,0.73497876886892,0.734731065622691,0.73461216081668,0.734382587909453,0.734542493782607,0.734935134632115,0.543440883240919,0.693457711805352,0.54419307131543,0.544307197061656,0.476359782435144
159,0.541672922209696,0.541417698278834,0.33754537438256,0.338414283093725,0.338631670875349,0.337089512974437,0.543605798065844,0.911840759163062,0.914929221673486,0.642077104548881,0.864941163169185,0.862901854281814,0.867602586591007,0.912271986071271,0.910720579118655,0.909975779659709,0.908541614129662,0.909539849979398,0.911993748718374,0.639076354882905,0.869319963866397,0.64413512104336,0.644903751885685,0.564902614247724
160,0.496943842269262,0.496904691223444,0.710915591379728,0.710906133105774,0.710906442710228,0.710923132072733,1.13753491103069,1.01755368252809,1.08853946376824,0.922005162877925,0.795224959008435,0.795229898448326,0.79523015090346,0.844924546505412,0.844938114066365,0.844939567609838,0.844939245069622,0.844966810845742,0.844959589380189,0.922029744836656,0.795225437947357,0.921994547125983,0.921972744201009,0.806708917604169
161,0.529535817744725,0.529328101124152,0.540154334471773,0.540094619914416,0.540094801420688,0.540186871807999,0.864826158098168,0.957419278820235,0.715993062575427,0.755336392509006,0.848970443228034,0.849131532560541,0.849080560182043,0.902048882572274,0.90229678013255,0.90230634049119,0.901646430789583,0.902081823134075,0.902110255797712,0.754414633538309,0.848247625749137,0.753583768592426,0.753383778812139,0.658970961484091
162,0.501311995566538,0.501306403978766,0.396303140769014,0.396302151590219,0.396302092189506,0.396303109565008,0.634091861451129,0.616034338765553,0.625821945871452,0.635591369350391,0.802136131359575,0.802140198243077,0.802139943917769,0.85227102328977,0.852276905664313,0.852277121589281,0.852264771932143,0.85227336175714,0.852274487768383,0.635579390066816,0.802124478920911,0.635565145565516,0.635561792689241,0.556112023664717
163,0.393834766660522,0.393799024158374,0.403379326156875,0.403373468344944,0.403367671145832,0.403363757291877,0.645405847412709,0.52351204735414,0.762968252399929,0.664324343713072,0.630271273302699,0.630309824376424,0.630329316072643,0.669699868156122,0.669741022397993,0.669738513845999,0.669720884570832,0.669730636002468,0.669755054614896,0.664371733289117,0.630315336260397,0.664340837998594,0.664343463055218,0.581281621572337
164,0.608024488892763,0.60723416905624,0.68024494870597,0.679999767741184,0.680010676789117,0.680458586802466,1.09025956188817,0.904203516574878,0.894480823469894,0.928951831781359,0.975132978246305,0.975200029396364,0.97518525735191,1.03600016507681,1.03624785590672,1.0362788838764,1.03628928093965,1.03686404158121,1.03668580913844,0.929428045932848,0.975099539701946,0.928712804541371,0.928247175635854,0.811870434767522
165,0.359404711061108,0.358874164947422,0.393627027251397,0.393413996784622,0.393337192631054,0.393663578210882,0.631472057906318,0.619827545146432,0.695850099846714,0.727058432262867,0.577178204283129,0.577138631670116,0.577236706361567,0.613287430058725,0.613543061959933,0.613635617837203,0.613331521693895,0.613332328210489,0.613587295832352,0.727498606895603,0.576885606122579,0.726583528693895,0.726471953165529,0.635103125131652
166,0.516950767899619,0.516782946767114,0.455101425917409,0.455039703529174,0.455021700698418,0.455107686823619,0.728642328221389,0.809583819207006,0.852135404631673,0.587917986721212,0.827813721907632,0.827818986749752,0.827844379152235,0.879585891738655,0.879679584024161,0.879715010172965,0.879615355678056,0.879632933508442,0.879699380027547,0.588048436675706,0.827745944707816,0.587795148367308,0.587752416992771,0.514129541272643
167,0.397149703798104,0.397139287668015,0.431949622410711,0.431989548491673,0.431999767562548,0.43192880550866,0.691282617380883,0.704489126711503,0.853453675572051,0.865523987827373,0.635368985391181,0.635285938416317,0.635477269202742,0.674805791722172,0.674742549744034,0.674712298924329,0.674653903448223,0.674694637186929,0.674794494187632,0.865418333026117,0.635547109629511,0.865596345333307,0.865623330538316,0.757442045839096
168,0.490813148898409,0.490723590741669,0.486644419024545,0.486632482303682,0.486636570021626,0.486675782043483,0.778983876917904,0.716104955170759,0.65496472734148,0.547671344462507,0.785808755341396,0.785734844409394,0.78565539391218,0.834781602048085,0.83495085572852,0.835017108704329,0.834992857655036,0.835070591611652,0.835033216301208,0.547674822117441,0.785726207585294,0.547551098862658,0.547483754974353,0.478958211588249
169,0.502867377613658,0.501891906952809,0.403287861732029,0.403172520853587,0.403209861989789,0.40359830985647,0.648741683215253,0.824931483493867,0.753049118658136,0.698239489597101,0.810127351221157,0.809319936307203,0.808452657381517,0.859229772513384,0.861076601562231,0.861799697403279,0.861536175587153,0.862383263179152,0.861973214464457,0.698274805632766,0.809226181532951,0.696882184995691,0.696122241348328,0.60809239892538
170,0.45688071830518,0.456869351563345,0.581118875543076,0.581117307611839,0.581117955071248,0.58112115527662,0.929820977799717,0.942813492100793,0.905163538182226,0.869392318492015,0.731069518363215,0.731061155557187,0.731051810463899,0.776745526501482,0.776765244958262,0.776773307447891,0.776770480065854,0.776780041072805,0.776776135500075,0.869396628151778,0.73106085706144,0.869378448529285,0.869370230384951,0.760686965649734
171,0.507832124110395,0.507804565180694,0.562373368565252,0.56237101046888,0.562371875782239,0.562379170989636,0.899862849817686,0.983963618205804,0.750510839202699,0.944363618340063,0.812687294319157,0.812664679857038,0.812640284489461,0.863437201400263,0.863489188513863,0.863509558715503,0.863502077104441,0.863525942212162,0.863514585300953,0.94436488243144,0.812661918675041,0.94432038902285,0.94429616632913,0.826226863240013
172,0.521248901794455,0.521236564203192,0.331458302534734,0.331451227507204,0.331452168695246,0.331453633086884,0.530366851934298,0.919865602091157,0.906480702076785,0.864538136021608,0.834028920518354,0.834029291266132,0.834025302132662,0.886155550807534,0.886162459536249,0.886167891814693,0.886167507725384,0.886175244998176,0.88617670030102,0.864571737851775,0.834036040558646,0.864539836132852,0.864537409737224,0.75645799578107
173,0.506485425616207,0.506481145483943,0.401374610035378,0.401373959460858,0.401374487262255,0.4013753317569,0.642206088110813,0.640265635902721,0.740114158253728,0.959462565932361,0.810404635800173,0.810408663732499,0.810404632687928,0.86105243554603,0.861055544462858,0.861057777817581,0.861056522040199,0.861059190867469,0.861062005833737,0.959472941866096,0.810391354003218,0.95945444454247,0.959453019469603,0.839508576901942
174,0.140644555182738,0.120927111598097,0.0616152550169944,0.049390612769421,0.0460952686551174,0.0437591754677853,0.0945447147216245,0.192480828084938,0.281350090019258,0.302730348370743,0.301105284737738,0.324025178467698,0.335623122761994,0.341738343056205,0.365227827734942,0.363453246918111,0.353262108876759,0.35917913340004,0.373626348027726,0.408250516245702,0.326947218125222,0.339642542866339,0.345918145257983,0.260498826934374
175,0.291904102880194,0.2917999302292,0.327111392473192,0.327084567883589,0.327085336783409,0.327132655679814,0.523577312032298,0.513161738887777,0.383512508594557,0.47068004594723,0.467353002844383,0.467366291545445,0.46736679457595,0.496557230552208,0.496593592855073,0.496597211774257,0.496596342009997,0.496670182844242,0.496650790071073,0.470735255837472,0.467354302470788,0.470656564720832,0.470607728582643,0.411743248483899
176,0.517125473644765,0.51712401932784,0.526753934928364,0.526753420627307,0.526753658865251,0.526753923491922,0.842808898037304,0.854246498383889,0.840216319934414,0.787156401976271,0.827410515207661,0.827411599130461,0.827411564657274,0.879124050317722,0.879125547220106,0.879125711220085,0.879122373706881,0.879124661263412,0.879125055643327,0.787153184387515,0.827407408002751,0.787149508450847,0.787148542880817,0.688753819370778
177,0.605108240548139,0.605068451644041,0.561181392892839,0.561180188598224,0.56119098401198,0.561202070561805,0.897974654289225,0.961818595276849,0.667752637506333,0.793771852220781,0.968501368617722,0.968550404587658,0.968504089227993,1.02900254265205,1.02903433967318,1.02907167465554,1.02905653016972,1.02907849858864,1.029106328567,0.79382962286415,0.968366662817989,0.793689960158814,0.793680302650241,0.694406030274841
178,0.470786005262504,0.470770994759964,0.445379969664091,0.445368318852122,0.445366115079224,0.445366442784668,0.712621915232705,0.742604176615279,0.782276875458242,0.694003728000735,0.753292383830438,0.753297253868677,0.753291210191933,0.800371294288199,0.80038030617238,0.800371925463287,0.800371589595891,0.800382800416483,0.800390272640919,0.694037515060292,0.753255833594061,0.694014256603,0.694011795667391,0.607211344091755
179,0.327213155044969,0.327202858369828,0.50669314408845,0.50669292660482,0.506696121955962,0.506699304371126,0.810732893605529,0.964013137053022,1.02519823317206,0.635598504477143,0.523629101770579,0.52364171901382,0.523628501308227,0.55634689667392,0.556355011825601,0.556365640625085,0.556361709743944,0.556367804223648,0.556374800042519,0.635608944200198,0.523591189316182,0.635581110373758,0.635578890332805,0.5561188193466
180,0.583538879607635,0.583527530671298,0.576867032757248,0.576866684531075,0.576865160763571,0.576868568994653,0.923008528833193,0.969353053381711,1.01052781094294,0.74908066632505,0.933713720813383,0.933691437818247,0.933678911268789,0.992044414923906,0.992088597585882,0.99210828516474,0.992100564295648,0.992093442270375,0.992086636138709,0.749073109982615,0.933722188351393,0.749068909287323,0.749071802109605,0.655426872051135
181,0.538882347434227,0.538850613192305,0.584532145429668,0.584526859773458,0.584531241112933,0.584555639433942,0.935411926470583,0.871825266428933,0.78175142382666,0.906752676022015,0.862494494266405,0.862516732898255,0.862512986299546,0.916403401804831,0.91640877432223,0.91643484179319,0.916425043715767,0.916443472365248,0.916461395438875,0.90678751065214,0.862401814652304,0.906678481642388,0.906644546833717,0.793254767254551
182,0.373489249797142,0.373304046551957,0.364923706083455,0.364870412419579,0.36485490184042,0.364929231841645,0.584292536592696,0.719987749954437,0.693418234909245,0.612696250956866,0.598347313864653,0.598353025708388,0.598381173521696,0.635781298519624,0.635884745245669,0.635923812424601,0.635813914207973,0.635833163603108,0.635906511101931,0.612856722742591,0.598272430346209,0.612544894857724,0.612492409348859,0.535741505764271
183,0.362969849345483,0.362546608669859,0.368219365472847,0.368028411869308,0.368062356309462,0.368091414598722,0.590245434441502,0.546788652984723,0.527766308139959,0.691341953318569,0.582658134306171,0.582940311069862,0.582912961775316,0.619346118862253,0.619685529694945,0.619661884902059,0.619337813923671,0.619445656651349,0.619597736196501,0.692079095058657,0.58265774298499,0.690711728678591,0.690544727928767,0.603453611596572
184,0.431023338053487,0.424124981622969,0.284735560407123,0.282330370280915,0.282437532205657,0.286840606899457,0.473829444272108,0.499493901191476,0.592258768466428,0.669042846174407,0.709281638289418,0.70982005666076,0.709706237677216,0.752913930237801,0.755013952457193,0.755283762513354,0.755589833662359,0.760506806603868,0.758926909938682,0.673370177673383,0.709222455619784,0.667460854778272,0.66352296540523,0.577681633909821
185,0.399922005589976,0.399854721701412,0.432677574658542,0.432645942590829,0.432646071521605,0.432694901398614,0.692591352590928,0.457520183657259,0.501107983463381,0.524185449435531,0.640429111004468,0.64048119866406,0.640464673139778,0.68046176139865,0.680541798584109,0.680544949261603,0.680331589039026,0.680472297514159,0.680481573258419,0.523941002115546,0.640195423160389,0.523720352581397,0.523667206926789,0.458145188675695
186,0.5202074004663,0.520199507210232,0.607261522908128,0.607259676352217,0.607258190078234,0.607258116264738,0.971622563209231,0.765695435277297,0.564284525254603,0.724148994899638,0.832360738256254,0.832367344108523,0.832370863840743,0.884389750471791,0.884397533038978,0.884397164288827,0.884393464775292,0.884395541286741,0.884400778451058,0.724163098789088,0.832367234708042,0.724151661104193,0.724151658506452,0.633626130507338
187,0.56926167060279,0.568560650300472,0.474672200316183,0.474479042622961,0.474282301891261,0.474146803207701,0.75943109015128,0.87737130425392,0.710774107938047,0.736189831302104,0.913478607030569,0.914236151760602,0.914620348521795,0.971291522680909,0.972100141632044,0.972048852373876,0.971703951014548,0.971895472693907,0.972372779076996,0.737576232696472,0.914345826950683,0.736673475161113,0.736755446315771,0.644106892311836
188,0.602318351176661,0.602300732026943,0.578445927634147,0.578436452014512,0.578431474821228,0.578437786777666,0.925557399096823,0.838955512920882,0.913249146250178,0.725613965071111,0.96376424734753,0.963766355071325,0.963770442992571,1.02400505015822,1.0240141618758,1.02401344976405,1.02400633188371,1.02400979864803,1.02402100544184,0.725638659754101,0.963762455418946,0.725603249134114,0.725597263379157,0.634878601990262
189,0.419091265956084,0.419038581442633,0.366301327594947,0.366290145037965,0.366279302798404,0.366271760006533,0.586080865668559,0.852209494149292,0.846092794420506,0.763852078489584,0.670748981838124,0.670805809836332,0.670833099625369,0.712723277474153,0.712783684040654,0.712780494098945,0.712754679070603,0.712769510680451,0.712805347361038,0.763964039484523,0.670809593938412,0.763890090857045,0.763896434237338,0.668363900410005
190,0.634740528076584,0.634734563839173,0.377457443270043,0.377455756552946,0.377455783096288,0.377458958529442,0.603944312263256,0.593414560187295,0.946469164489228,0.818317885088359,1.015602553341,1.01560330629998,1.01560328175942,1.0790773685346,1.07907946495722,1.07907971239091,1.07907946276022,1.07908380501596,1.07908273964708,0.818320745858292,1.01560237186913,0.818316179762258,0.818313483318449,0.716022173323442
191,0.292944941466257,0.286531476469426,0.577318872397117,0.575613091811271,0.573872422946631,0.572670375064517,0.923302532426868,0.486392146586551,0.619522250183792,0.478631149507511,0.493032454004361,0.499959656902963,0.503471911803808,0.530437209108945,0.537825968884762,0.53735720393395,0.534205069556473,0.535950916090564,0.540312772741637,0.49156751318499,0.500963575316918,0.483147388920933,0.483915548633159,0.418256400398352
192,0.372847282287615,0.372845622381428,0.509453680143737,0.509453431864374,0.509453993619209,0.50945498122607,0.815133595052023,0.675635148489094,0.995612065782097,0.839623528690846,0.596570245464741,0.596571303614156,0.596570989575746,0.633855870023679,0.633856188022741,0.633857456591665,0.633856961562974,0.633857936618273,0.633858867269352,0.839625327660636,0.596565188866188,0.839619668275716,0.839618016475565,0.734662763208736
193,0.579858150331622,0.579698052154396,0.657035658466748,0.65701982425365,0.657024961041706,0.657077472490261,1.05172816661279,1.0354797236223,1.03880638393873,0.923292838739255,0.928679957106873,0.928548144840681,0.928406460581732,0.986472362147735,0.986774576859528,0.986892851428583,0.986849368345775,0.986988207590315,0.986921790611742,0.923298937724843,0.928532729616894,0.923079485047395,0.922960246503537,0.807430376274103
194,0.459585491465646,0.457562805690217,0.525692772679151,0.524936636578875,0.524661918312355,0.525823501316929,0.847033125086791,0.790279850794861,0.817749869436646,0.655880197414405,0.743459329521532,0.74330761134225,0.743681459285347,0.790060803178396,0.791034333208853,0.791387435047678,0.790229115455045,0.790230638452159,0.791201393011441,0.657185491778379,0.742344546237846,0.654474579434781,0.654144805709692,0.570718743866499
195,0.246396628240014,0.246298138740605,0.376912163516615,0.376882691787165,0.37688410174185,0.376905032195117,0.603285516520165,0.545459256279096,0.677818351481874,0.616506638611908,0.394685893860493,0.394731687540648,0.394733061547981,0.419427727469557,0.419513610083466,0.419549070157988,0.419482331482565,0.419533744644731,0.419538855529147,0.616679979199555,0.394705304697759,0.616379765908524,0.616303222415384,0.539085309803448
196,0.282223302893977,0.281821721218948,0.475518235253561,0.475369840960849,0.475316368164474,0.475543804946341,0.761991188643521,0.62446886493948,0.632308934780297,0.599310562947813,0.453170249634643,0.453140156615803,0.453214390540251,0.481520296562334,0.481713657391177,0.481783817280817,0.481553712597558,0.48155421255304,0.481747162239928,0.599577458974305,0.452948829086542,0.599022835195057,0.598955310199348,0.523746636391577
