ID,0,1,2,3,4,5,6,7,8,9,10,11,12,13,14,15,16,17,18,19,20,21,22,23
1,0.442251089,0.442698829,0.415803436,0.416226778,0.416316992,0.416314253,0.66483331,0.863660995,0.886168013,0.936356186,0.706644384,0.706504606,0.706685486,0.750865281,0.750589824,0.75086119,0.750866861,0.750527669,0.75030599,0.935781227,0.70772712,0.936147631,0.936181132,0.819988595
2,0.520361599,0.525450479,0.642490345,0.646810319,0.64772402,0.647692371,1.02332485,0.905072773,0.885838979,0.803285268,0.821634737,0.820029769,0.822102409,0.873622686,0.870464413,0.873575979,0.873643058,0.869749531,0.867199685,0.793752022,0.833991414,0.79983951,0.800395344,0.713992008
3,0.575792451,0.575796663,0.463656202,0.463661968,0.46366335,0.463663241,0.741843239,0.993267966,0.697113356,0.693153781,0.921258659,0.921257176,0.921258889,0.978837775,0.978835085,0.978837588,0.978837781,0.978834553,0.97883245,0.693138083,0.921268689,0.69314842,0.693149418,0.606528414
4,0.491385993,0.491413532,0.542254249,0.542276306,0.542281095,0.542280822,0.867583561,0.647281807,0.592823754,0.593631139,0.78615868,0.786149955,0.786161127,0.835296863,0.835279925,0.835296755,0.835297009,0.835276133,0.835262655,0.593541758,0.786225312,0.593598664,0.593603794,0.519532333
5,0.438796634,0.438797039,0.547696944,0.547697184,0.547697295,0.54769746,0.876315121,0.700511448,0.936613849,1.075710503,0.702073578,0.702073472,0.702073527,0.745953132,0.74595296,0.745953176,0.745953198,0.745952933,0.745952719,1.075710224,0.702074618,1.075710484,1.075710392,0.941246992
6,0.512619645,0.512619738,0.523901742,0.52390176,0.523901839,0.523901814,0.838242424,0.896269289,0.631460664,0.844503398,0.820190552,0.820190385,0.820190332,0.871452394,0.871452222,0.871452267,0.871452215,0.871452177,0.871452154,0.844503286,0.820190698,0.844503631,0.84450375,0.738940927
7,0.391866905,0.391871359,0.576471686,0.576473423,0.576473888,0.576473862,0.92235304,0.64072284,0.839370233,0.78646041,0.626977442,0.626975984,0.626977773,0.666164094,0.666161304,0.666163927,0.666164066,0.666160738,0.666158532,0.786456906,0.626988113,0.786459074,0.786459281,0.688157046
8,0.504929093,0.504929365,0.571340649,0.571340624,0.571340716,0.57134088,0.914144673,0.811746462,0.768217124,0.840623716,0.807885881,0.807885717,0.807885813,0.858378607,0.85837848,0.858378729,0.858378684,0.858378459,0.858378482,0.840623177,0.807886439,0.840623556,0.840623572,0.735546385
9,0.349739981,0.349742391,0.410944411,0.410946122,0.410946523,0.410946609,0.657509431,0.880677197,1.013058149,0.626717921,0.559578912,0.559578141,0.559579123,0.594552844,0.594551309,0.594552836,0.594552903,0.594551128,0.594549935,0.626712757,0.559584659,0.626716132,0.626716301,0.548384419
10,0.401082487,0.401082847,0.590542796,0.590542827,0.590542891,0.590542847,0.944867873,0.770229949,0.627163208,0.772643633,0.641728264,0.641727936,0.641727895,0.681836144,0.681836064,0.681835833,0.681835923,0.681835631,0.681835521,0.77264323,0.641729465,0.772644194,0.772644459,0.676064397
11,0.434438367,0.434456415,0.400624585,0.400627524,0.400623093,0.400609621,0.640908417,0.83680911,0.875637944,0.977443014,0.694944393,0.694929665,0.694936602,0.738380656,0.738375278,0.73836046,0.738366045,0.738355444,0.738344879,0.977424096,0.695000914,0.97747967,0.977492164,0.85533487
12,0.425685578,0.425692036,0.427726639,0.427728469,0.427727714,0.427724299,0.684338608,1.022061076,1.012358993,0.663965991,0.681048044,0.681043192,0.681045794,0.723614214,0.723611998,0.723608406,0.723609953,0.723605995,0.723602234,0.663954725,0.681067419,0.663979087,0.663984351,0.581003349
13,0.567584724,0.567737467,0.471914467,0.471939,0.471892493,0.471754199,0.754137448,0.633006474,0.52484446,0.783800503,0.90677369,0.90664771,0.906704888,0.963465581,0.9634227,0.963290152,0.963338789,0.963249284,0.963158713,0.783575304,0.907255456,0.784268896,0.784427029,0.686726038
14,0.511760263,0.511765264,0.599328434,0.599331589,0.599332107,0.599331577,0.958918383,0.782319679,0.906162554,0.830417575,0.818795076,0.818791933,0.818795248,0.869971433,0.869968056,0.869968414,0.869969136,0.869965766,0.869962943,0.830407698,0.818808611,0.830420001,0.830421038,0.726631525
15,0.499783321,0.499785765,0.584766127,0.584766428,0.584766086,0.584765246,0.935619735,0.825415972,0.865012974,0.622467844,0.799632223,0.799630173,0.799631174,0.84960953,0.849608726,0.849606793,0.849607546,0.849606207,0.849604721,0.622464577,0.799639819,0.622473863,0.622476013,0.544671639
16,0.436302379,0.436308411,0.456513461,0.456514266,0.456513719,0.456509878,0.730396971,0.472195693,0.390277102,0.593060399,0.698029297,0.698025041,0.698025481,0.741655236,0.741654494,0.741649445,0.741651283,0.741647843,0.7416444,0.593052517,0.698046966,0.593076889,0.593083998,0.518961491
17,0.516005299,0.516018411,0.496186307,0.49618971,0.49618935,0.496176036,0.793811487,0.833977368,0.710996325,0.749795175,0.825490575,0.825484806,0.825477945,0.877075249,0.877077131,0.877068089,0.877071758,0.877064096,0.877057454,0.749779878,0.825522218,0.749828288,0.749848872,0.656146362
18,0.385698383,0.385731227,0.473664267,0.473666449,0.473662371,0.473649785,0.757777537,0.875123286,0.639769522,0.802064624,0.616825118,0.616798068,0.616810174,0.655380469,0.655371372,0.655342969,0.655353397,0.655334239,0.655314784,0.802033844,0.616928314,0.802128169,0.802149839,0.701929233
19,0.515909956,0.516068233,0.443393815,0.443414322,0.443375537,0.44326024,0.708657502,0.778694658,0.733547401,0.589324288,0.824045186,0.823914538,0.823973749,0.875567061,0.875522624,0.875385318,0.875435872,0.87534289,0.875249015,0.588994606,0.824544311,0.5900097,0.59024084,0.516976142
20,0.46854778,0.469920647,0.635305068,0.63555908,0.635525786,0.634554419,1.010139136,0.9673097,0.795465508,0.771692214,0.737383634,0.736777524,0.736051401,0.782573818,0.782767632,0.781827118,0.782215423,0.781398272,0.780701463,0.770597725,0.74069414,0.774072488,0.775562745,0.680678517
21,0.422448888,0.422463578,0.486582373,0.486584771,0.486581221,0.486569651,0.77845377,0.650288031,0.876111486,0.678476023,0.675791195,0.675779168,0.675784772,0.718029805,0.718025494,0.718013482,0.718018141,0.718009464,0.718000782,0.678452279,0.675836874,0.678522332,0.6785381,0.593757856
22,0.500382253,0.500401708,0.476824696,0.47682695,0.47682266,0.476809562,0.762830726,0.657949011,0.513962321,0.523552171,0.800438355,0.800422274,0.800429344,0.850467772,0.850462452,0.850445561,0.850451808,0.850440375,0.850428918,0.523503314,0.800499405,0.523653638,0.523688092,0.458303686
23,0.511773866,0.512919418,0.666931254,0.666934157,0.666527517,0.66612296,1.064207461,1.116048077,0.630129571,0.617029399,0.808718945,0.807264693,0.808869173,0.86040561,0.859531451,0.858303035,0.858724689,0.858048082,0.857239283,0.615091732,0.813291164,0.620934604,0.621384968,0.546282234
24,0.469990509,0.470000583,0.316788635,0.316791113,0.316786671,0.31677308,0.506771043,0.904377787,0.916081479,0.670865689,0.751895432,0.751887096,0.751890778,0.798889914,0.798887214,0.798878556,0.798881668,0.798875906,0.798869873,0.670844537,0.751926964,0.67090971,0.670924474,0.587091976
25,0.551100983,0.552325989,0.574071027,0.574395935,0.574348807,0.573107249,0.910384765,0.846992266,0.842785594,0.795607582,0.870769922,0.870226432,0.869582911,0.924394067,0.924567165,0.923724542,0.924069738,0.923343116,0.922719097,0.794619288,0.873730652,0.797753768,0.799087628,0.701047681
26,0.634091993,0.634773469,0.645294824,0.645487199,0.645459517,0.644723307,1.027654062,0.963979175,0.929947132,0.88105464,1.008432365,1.008130324,1.007772093,1.071014905,1.071111406,1.070642629,1.070834401,1.07043069,1.070083942,0.879936841,1.010079113,0.883483228,0.884992155,0.776456754
27,0.387298947,0.387672497,0.47532546,0.475378026,0.475335029,0.475097782,0.758950365,0.79585123,0.893922044,0.537930928,0.616342357,0.616074882,0.616116621,0.654824035,0.654764897,0.65446026,0.654576056,0.654355088,0.654140964,0.537517605,0.61743995,0.538806734,0.539204488,0.472498577
28,0.366985057,0.367230486,0.370363206,0.370434697,0.370423708,0.370147582,0.590776315,0.642602437,0.754703988,0.702867951,0.584972912,0.58486352,0.584736618,0.621375664,0.621409602,0.621240417,0.621309207,0.621164252,0.621039718,0.702684906,0.585567629,0.703265114,0.703510784,0.615913748
29,0.694196286,0.693733997,0.691014633,0.691014633,0.691014633,0.691014633,1.105623412,1.133069164,1.135603529,1.129192286,1.101428915,1.09956858,1.097906035,1.167546836,1.170970938,1.170292853,1.169048503,1.168671041,1.168503718,1.129192286,1.106633588,1.129192286,1.129192286,0.988043251
30,0.454520668,0.454536741,0.4276195,0.427624317,0.427623638,0.427604765,0.68406799,0.62068534,0.694233976,0.661665313,0.727088483,0.727081171,0.727072858,0.772521118,0.772523223,0.772512183,0.772516714,0.772507172,0.772499158,0.661637417,0.727127246,0.661725857,0.661763557,0.579095383
31,0.584948426,0.585037296,0.607321864,0.607347514,0.607343746,0.60724321,0.971060065,0.952029153,0.873911998,0.882952245,0.935119061,0.935079452,0.935033678,0.993506675,0.993519184,0.993457976,0.993482598,0.993430506,0.993385688,0.882840874,0.935334171,0.883193561,0.883343222,0.773133261
32,0.694928437,0.695875812,0.692440418,0.692741995,0.692698173,0.691550975,1.10038081,1.107861373,0.896091639,0.746682381,1.103385989,1.102964298,1.102465411,1.171728557,1.171861361,1.171208861,1.171477842,1.17091275,1.170427266,0.745559353,1.105677824,0.749123515,0.750635704,0.658899711
33,0.44166367,0.442650402,0.612929225,0.612930114,0.612705454,0.612482967,0.979102329,0.795388442,0.957431737,0.644276773,0.697934211,0.696680935,0.698067212,0.742543511,0.741787505,0.740726193,0.741089687,0.740507302,0.739812224,0.642731297,0.701880683,0.647391005,0.647746929,0.568837505
34,0.527270071,0.528806279,0.501144902,0.501442473,0.501399648,0.500270175,0.794423748,0.872785024,0.885475163,0.6061387,0.829852388,0.829170504,0.828361817,0.880714915,0.880931666,0.879875195,0.880309381,0.879396206,0.878611948,0.604117328,0.833564332,0.610535531,0.613258743,0.540372961
35,0.220025342,0.220122802,0.310732455,0.310742089,0.310734356,0.310690515,0.496882169,0.656628091,0.71454485,0.471836209,0.351171156,0.351102541,0.351113951,0.373110016,0.373093052,0.373013239,0.373043458,0.372986606,0.372931498,0.471763477,0.351455956,0.471990633,0.47206114,0.413176778
36,0.542825608,0.535062839,0.416628582,0.414574096,0.415057885,0.415460901,0.677982542,0.957227328,0.896791367,0.965047627,0.900810265,0.902385214,0.903335054,0.95821947,0.96119922,0.960756318,0.955205636,0.961202239,0.966748591,0.968741614,0.897178765,0.962937137,0.960682565,0.839485256
37,0.66716211,0.664979926,0.693626565,0.693591803,0.693505278,0.693390743,1.108773498,1.022387857,1.085526752,1.008263582,1.076408439,1.075729378,1.075710743,1.143047203,1.145911074,1.146742126,1.144571228,1.145181373,1.146663258,1.008330153,1.07658953,1.007185317,1.007379324,0.880753307
38,0.431382582,0.43152509,0.624205689,0.624216013,0.624213041,0.624180454,0.998434782,0.678715255,0.938355893,0.858348916,0.689412436,0.689527476,0.689651183,0.732719511,0.732453242,0.732349736,0.732388989,0.732266319,0.73232316,0.858345608,0.689541201,0.858468784,0.858535247,0.751308435
39,0.400033274,0.401174011,0.673076768,0.673188609,0.673212957,0.672887304,1.074811711,1.133899712,1.110275718,1.002722549,0.633573402,0.633028055,0.632894718,0.670938759,0.66913905,0.666962796,0.667628149,0.665352666,0.666989757,1.001400575,0.631710878,1.003402551,1.004574893,0.880362502
40,0.519175065,0.52248411,0.556636728,0.558007925,0.558735742,0.557893515,0.884487276,0.910685292,0.841568157,0.847484387,0.820762911,0.82039527,0.819495335,0.870980641,0.869469583,0.869869786,0.871233367,0.870695468,0.868321991,0.842323816,0.821146912,0.84972376,0.850797038,0.748344409
41,0.575311776,0.575445278,0.615207219,0.615229843,0.615242261,0.615165687,0.983846386,0.926060498,0.862551143,0.656435775,0.919777787,0.919790111,0.919811673,0.977129598,0.97684457,0.976592129,0.976672839,0.976485464,0.976656656,0.65609662,0.919576078,0.656682877,0.657003211,0.575318845
42,0.707802634,0.707630127,0.708149076,0.708149076,0.708149076,0.708149076,1.133038522,1.031857713,0.994948479,1.0414389,1.12983622,1.128318624,1.12788437,1.195991862,1.195274793,1.192233145,1.192079254,1.188844312,1.192424793,1.038558778,1.126522557,1.040126935,1.04266268,0.913277038
43,0.635963421,0.636055274,0.609432552,0.609459085,0.609463447,0.609397392,0.974649832,0.7611276,0.78851009,0.874596124,1.017046997,1.017007292,1.017000708,1.080448648,1.080311944,1.080148495,1.080196506,1.080026516,1.08014606,0.874327596,1.016902905,0.874720615,0.874940862,0.765834538
44,0.307558429,0.308283505,0.527364337,0.527384134,0.527509196,0.527296272,0.842544649,0.804343658,0.96922402,0.761262872,0.489007285,0.490572834,0.491413521,0.52139594,0.518395886,0.517103931,0.517620282,0.518153619,0.5186219,0.761569821,0.488303214,0.761619274,0.76148217,0.666625084
45,0.487878586,0.493102232,0.687420167,0.687614704,0.687718172,0.687397005,1.097230528,0.923018202,1.036031056,0.88372811,0.758379403,0.769567927,0.775562985,0.818839801,0.797332138,0.78805124,0.791794249,0.795591541,0.798914602,0.886988493,0.75335281,0.887524992,0.886072723,0.778804291
46,0.567565598,0.567602731,0.421176082,0.421179182,0.421197291,0.421166334,0.673701287,0.915098566,0.879548173,0.716715834,0.907945516,0.9080247,0.908067312,0.964783461,0.96463062,0.964564032,0.964590277,0.964616482,0.964641249,0.716755608,0.907908825,0.716766068,0.716749107,0.62720309
47,0.497629227,0.497730154,0.389434836,0.389480593,0.389527351,0.38955925,0.623105241,0.902365987,0.769765973,0.785014762,0.795825507,0.795717503,0.795662718,0.845461933,0.84534674,0.845354049,0.845403061,0.84537558,0.845307807,0.784851212,0.795701905,0.784957834,0.784948222,0.686895214
48,0.43528245,0.435286663,0.497040226,0.497041515,0.497042844,0.497043459,0.795264591,1.006106907,0.90520883,0.971469055,0.69643527,0.696430811,0.696428625,0.739958382,0.739953503,0.739953935,0.739956403,0.739954916,0.739952279,0.971466146,0.696431018,0.971468425,0.971468313,0.850036142
49,0.521058118,0.523395053,0.580885215,0.581599471,0.58232866,0.582831895,0.929585084,0.881409052,1.060875355,0.857635795,0.824783738,0.822240402,0.820955855,0.873917931,0.871196962,0.87137611,0.872534935,0.871883858,0.870273513,0.854498448,0.821901508,0.8565418,0.856355875,0.750565198
50,0.558515572,0.558519875,0.538468807,0.538470515,0.53847066,0.538467461,0.861537067,0.915806862,0.847261088,0.842619112,0.893611706,0.893611012,0.893610926,0.949462514,0.949461012,0.949460822,0.949461046,0.949457799,0.949458687,0.842616562,0.893611684,0.842620589,0.84262303,0.737297099
51,0.366711075,0.366715968,0.35339065,0.353392144,0.353392722,0.353391473,0.565415351,0.565803937,0.608492336,0.664242233,0.586704669,0.586700928,0.586701236,0.623372395,0.623367075,0.623366945,0.623377944,0.623370474,0.623369428,0.664253536,0.586714905,0.664266905,0.664269943,0.581240495
52,0.478486977,0.478493794,0.377515902,0.377518811,0.377521681,0.37752336,0.604025172,0.993159086,1.059573305,0.965578285,0.765552037,0.765544772,0.765541299,0.813392288,0.813384548,0.813385115,0.813389099,0.813386674,0.813382404,0.965570783,0.76554499,0.96557675,0.965576413,0.844882872
53,0.35862275,0.358651845,0.42902526,0.429030401,0.429030636,0.429022345,0.686390661,0.562803025,0.770759468,0.686386031,0.573581496,0.573561752,0.573567689,0.609428185,0.609397506,0.609396223,0.609473737,0.60941931,0.609416865,0.686470483,0.573665945,0.686552213,0.686573135,0.600775746
54,0.536300094,0.536300188,0.526135746,0.526135782,0.526135893,0.526136071,0.841816996,0.618357965,0.669045561,0.731567377,0.858079547,0.858079383,0.858079438,0.911709432,0.911709296,0.911709377,0.911709482,0.911709313,0.911709278,0.731567168,0.85807957,0.731567369,0.731567221,0.640121649
55,0.618580899,0.618583047,0.526734604,0.526736177,0.526736659,0.526736639,0.842773617,0.999396631,1.013596558,0.859485899,0.989724849,0.989724208,0.989725023,1.051582872,1.051581583,1.051582911,1.051582913,1.051581313,1.0515803,0.859482374,0.989729942,0.859484633,0.859484761,0.752054312
56,0.422071087,0.422074244,0.429731766,0.429732467,0.429733223,0.429733887,0.687570892,0.819056271,0.681701834,0.593510849,0.675301037,0.675297605,0.675295948,0.717504058,0.717500519,0.71750069,0.717502629,0.71750159,0.717499523,0.593506179,0.675297675,0.593509888,0.593509609,0.519323209
57,0.591936592,0.591936677,0.479314799,0.479314847,0.47931516,0.479315158,0.766903779,0.708781577,0.76487624,0.627573658,0.947098134,0.947097981,0.947097911,1.006291681,1.006291442,1.006291516,1.00629161,1.006291581,1.006291487,0.627572887,0.947098089,0.627573501,0.62757336,0.549127278
58,0.413988208,0.414056815,0.550653815,0.55069323,0.550701602,0.550701363,0.881004413,0.952622303,0.975109269,0.82860733,0.662234668,0.662213228,0.66224083,0.703632776,0.703590562,0.703632134,0.703633003,0.703581197,0.703547256,0.828527551,0.662400294,0.828578434,0.828582978,0.725125426
59,0.705027228,0.705027228,0.642791381,0.64573192,0.646231661,0.646070297,1.023543343,1.033950515,1.054811842,1.122512863,1.128043565,1.128043565,1.128043565,1.198546287,1.198546287,1.198546287,1.198546287,1.198546287,1.198546287,1.103275529,1.128043565,1.121624107,1.121990586,0.985496733
60,0.484882461,0.48684333,0.495992598,0.497577096,0.497908311,0.497893041,0.791882003,0.806595476,0.902673237,0.767422289,0.771623457,0.771010897,0.771802952,0.820093029,0.818888499,0.820077342,0.820101532,0.818615905,0.817645283,0.763691949,0.776366906,0.766073482,0.7662942,0.675901141
61,0.33687769,0.336896606,0.318065644,0.318087927,0.318092582,0.318092057,0.508879452,0.453025895,0.488722395,0.568124079,0.538962215,0.538956158,0.538963781,0.57264977,0.572638194,0.572649335,0.572649612,0.572635381,0.572625929,0.568085428,0.539008243,0.568110937,0.568113435,0.497155277
62,0.571581084,0.571749949,0.587425596,0.587560936,0.587589723,0.587588816,0.939736456,0.903712156,0.800313797,0.833545221,0.914168973,0.914116339,0.914184388,0.971325491,0.971221653,0.971323986,0.971326067,0.971198248,0.971114784,0.833107585,0.914577079,0.833386518,0.833412026,0.729867565
63,0.418823304,0.418825822,0.562075301,0.562076395,0.562076992,0.562077056,0.899319137,0.713038897,0.919634031,0.671151264,0.670111734,0.670110945,0.670111949,0.711993984,0.711992411,0.711994035,0.711994036,0.711992073,0.711990846,0.67114725,0.670117826,0.671149802,0.67115002,0.587262249
64,0.585605678,0.585608057,0.409083065,0.409084166,0.409083613,0.409081571,0.65451868,0.965387748,0.944631338,0.715192662,0.936951166,0.936949415,0.936950416,0.99551093,0.995510079,0.995508717,0.995509338,0.995507895,0.995506532,0.715186503,0.936958195,0.715199809,0.715202539,0.625811476
65,0.466386694,0.466407993,0.589645094,0.589666143,0.589670725,0.589670141,0.943406731,1.001919435,0.919396212,1.036311868,0.746169453,0.746162494,0.746171059,0.792807642,0.792794691,0.792806768,0.792807167,0.79279124,0.79278072,1.036284702,0.746221227,1.036303444,1.036305308,0.906806494
66,0.426421133,0.426572038,0.482542922,0.482716357,0.48275338,0.482752423,0.77188436,0.792634759,0.816119441,0.806103882,0.681951996,0.681905127,0.681965851,0.724592694,0.724500207,0.724591239,0.72459313,0.724479477,0.724405104,0.805836669,0.682316149,0.806006753,0.806022414,0.705656791
67,0.488934888,0.48893984,0.468160246,0.468161437,0.468160914,0.468158147,0.749037265,0.712569014,0.668567962,0.813973846,0.782258686,0.782255113,0.782257019,0.831150405,0.831148691,0.831145973,0.831147245,0.831144137,0.831141385,0.813966958,0.782273447,0.813982015,0.813985099,0.712247397
68,0.398498063,0.398519414,0.537826722,0.537827143,0.537824368,0.53782117,0.860499738,0.652786715,0.721074653,0.537091134,0.637420788,0.637394366,0.637419117,0.677275638,0.677258537,0.677238484,0.677246763,0.677234921,0.677219992,0.537051616,0.63749291,0.537146819,0.537153325,0.470052821
69,0.515135562,0.515307855,0.661434722,0.661435037,0.661397191,0.661358781,1.058022033,0.642571748,0.575739015,0.628239767,0.822693279,0.822475543,0.822714813,0.874281796,0.874150886,0.873966172,0.874029543,0.873927925,0.873806952,0.62802972,0.823379612,0.628662625,0.628713542,0.550407838
70,0.423854531,0.42388088,0.553931489,0.553936397,0.553941017,0.553943594,0.886289094,0.836106516,0.958607737,0.604397104,0.678067163,0.678040078,0.678026813,0.720421095,0.72039176,0.720393368,0.72040611,0.720398911,0.720381192,0.604320807,0.678038582,0.604373119,0.60436946,0.52885503
71,0.414491737,0.414500017,0.417069339,0.417073601,0.417074241,0.417073487,0.667301538,0.836801304,0.835648386,0.734223925,0.663151278,0.663145954,0.66315147,0.704600954,0.704595439,0.704595967,0.704597092,0.70459149,0.704586794,0.734213721,0.663173925,0.734226312,0.734227355,0.642462489
72,0.414395553,0.414635417,0.492824041,0.492824596,0.492767418,0.492709113,0.788103895,0.645900012,0.687945303,0.649723625,0.660913528,0.660609366,0.66094318,0.702457224,0.70227485,0.702017874,0.702106499,0.701964391,0.701794372,0.649560457,0.661868283,0.650051507,0.650091004,0.569048987
73,0.569165474,0.569181904,0.407898253,0.407903999,0.407899458,0.407872158,0.652457496,0.915333006,0.88878747,0.755813388,0.910518549,0.910506993,0.910508903,0.967424372,0.967421486,0.967408149,0.967413122,0.967403645,0.967394461,0.755789755,0.910566371,0.75586376,0.755886798,0.661441221
74,0.337053143,0.33924176,0.482720123,0.482724931,0.482140039,0.481556844,0.768197678,0.695912194,0.763315591,0.79912677,0.519963204,0.517151886,0.520241037,0.554642577,0.552961487,0.550609538,0.551429369,0.550115012,0.54852469,0.797719222,0.528698778,0.801963372,0.802290471,0.703888354
75,0.519914783,0.519934518,0.444827219,0.444827396,0.444822204,0.444816412,0.711681303,0.730797868,0.61728951,0.603606674,0.831695156,0.831670795,0.831696169,0.8836933,0.883677536,0.883657351,0.883664685,0.883653342,0.883640036,0.603579995,0.831767482,0.603651068,0.603656601,0.528232199
76,0.703768964,0.703772233,0.706304781,0.706304781,0.706304781,0.706304781,1.13008765,1.069009564,1.134667442,1.129310106,1.117287667,1.116022345,1.117062032,1.18809986,1.187822207,1.186674024,1.186778997,1.18613191,1.186207431,1.129310106,1.122419815,1.129310106,1.129310106,0.988146343
77,0.439786489,0.43979249,0.611364076,0.611364335,0.611364092,0.611361785,0.978166583,0.867863021,0.858217235,0.774139774,0.703610199,0.703608776,0.703612064,0.747589564,0.747582929,0.74757657,0.747578917,0.747577031,0.747575101,0.774136497,0.703624042,0.774148719,0.774151622,0.677389788
78,0.419991753,0.42038294,0.361489564,0.361579206,0.361506085,0.36109991,0.575696491,0.582199466,0.68045525,0.678040887,0.668491937,0.66821353,0.668255424,0.710229965,0.710169274,0.709850711,0.709971031,0.70974092,0.70951863,0.677607673,0.669639658,0.678958696,0.679379845,0.595189662
79,0.685210681,0.685757528,0.648124547,0.648401322,0.648362172,0.648205713,1.034905998,1.132163615,0.97766904,1.013095179,1.094275642,1.093960928,1.093918967,1.162428987,1.162100774,1.162178207,1.162568226,1.162228371,1.161892342,1.014178229,1.094407298,1.012862975,1.012829854,0.88574734
80,0.574373059,0.567654737,0.602968429,0.60282589,0.602742752,0.60294269,0.966447209,1.035144026,0.950501994,0.852157916,0.948249216,0.945243497,0.944122771,1.003479383,1.012435533,1.015442559,1.00996615,1.01324243,1.016451977,0.852668636,0.946862291,0.842012407,0.840545474,0.728246437
81,0.206099908,0.206334445,0.331551235,0.331598762,0.331615162,0.331544273,0.530108629,0.463979927,0.626954429,0.504781746,0.328813002,0.328824044,0.328782398,0.349340476,0.349222788,0.349180549,0.349316168,0.349309144,0.34920017,0.504647466,0.328934325,0.504924204,0.504960711,0.442010218
82,0.647386098,0.646009302,0.52197103,0.520671482,0.520213348,0.520819409,0.842757126,0.802407152,0.899636589,0.951762973,1.040208727,1.039203488,1.0386695,1.103899375,1.106117536,1.10690329,1.105856901,1.106350576,1.108293233,0.953038288,1.041149756,0.947964827,0.947767201,0.825828772
83,0.534041255,0.528255845,0.633340115,0.634950431,0.636629588,0.635995848,1.011390988,0.972745747,1.029047665,0.91816256,0.881881837,0.879034627,0.877037684,0.93247426,0.940808031,0.944410704,0.939348848,0.942332184,0.941973472,0.913372279,0.879830704,0.912208775,0.911575337,0.79579088
84,0.329534978,0.329697239,0.591119307,0.591165937,0.591162584,0.591142735,0.94550153,0.691261225,0.664704274,0.507754197,0.526543443,0.526466269,0.526465683,0.559369829,0.559251851,0.559248141,0.559364308,0.559329743,0.55926895,0.50751278,0.526564308,0.507968471,0.508028552,0.444787206
85,0.578652031,0.578713387,0.651725904,0.651741389,0.651744062,0.651705491,1.042503433,0.991140342,0.691368121,0.712904501,0.925512176,0.925485784,0.925481354,0.98324721,0.983155542,0.983046309,0.98307847,0.982964797,0.983044852,0.712630499,0.925415804,0.713031975,0.713257493,0.624367778
86,0.404833116,0.406665634,0.58418094,0.5845937,0.584737671,0.584109187,0.931445155,0.847675019,0.887133297,0.671272249,0.640357597,0.640486882,0.640148531,0.680255803,0.679363214,0.679046774,0.680104463,0.680090453,0.679199694,0.670160538,0.641375391,0.672491941,0.672777265,0.590110692
87,0.498868471,0.501415423,0.593347965,0.593068449,0.592037211,0.588375842,0.935506733,0.75437616,0.814425574,0.892961184,0.780466892,0.780703542,0.780878947,0.829971289,0.826836554,0.824545876,0.827112222,0.830631727,0.831851009,0.89460171,0.787435791,0.897777288,0.897502856,0.789765501
88,0.490927476,0.493312448,0.553928093,0.554767773,0.555184669,0.554015004,0.880953414,0.955753527,0.97321847,1.026182926,0.767886258,0.770922112,0.771125866,0.81887723,0.819417875,0.816444088,0.819248841,0.817662472,0.817305003,1.025457245,0.769941766,1.028345179,1.028900921,0.901348501
89,0.668530714,0.669836735,0.6676026,0.668065476,0.668221683,0.667984067,1.065858935,1.101664023,1.11160969,1.086014636,1.065072435,1.064842839,1.064553849,1.131359322,1.130535692,1.130653093,1.13144453,1.130788717,1.129736171,1.08521477,1.065422483,1.086451321,1.086667198,0.951514006
90,0.550561714,0.55064445,0.428844064,0.428859547,0.428868108,0.428815318,0.685816415,0.806661592,0.899171971,0.525888836,0.880450476,0.880457969,0.880471162,0.935394498,0.935217573,0.935060487,0.93511044,0.934993881,0.935100636,0.525647331,0.880324673,0.526064186,0.526292646,0.460819855
91,0.441600929,0.442046397,0.49444634,0.49446466,0.494587213,0.494379493,0.789911282,0.826673988,0.698162137,0.605363751,0.704660429,0.705634627,0.706158246,0.749836247,0.747975718,0.747174364,0.747491131,0.747825948,0.748120437,0.605844235,0.704221149,0.605918453,0.605703216,0.530500959
92,0.569677898,0.570978387,0.669395629,0.669622255,0.669672006,0.66899976,1.066687771,0.927659706,0.999530463,0.971400908,0.904059239,0.903456616,0.903317023,0.958022845,0.955941745,0.953437879,0.954191261,0.951606681,0.953499816,0.969260428,0.901908794,0.972502186,0.97440172,0.85480439
93,0.552825241,0.552842898,0.540253027,0.540256986,0.540259071,0.540249551,0.864343396,0.787016449,0.881530066,0.614723679,0.884431575,0.884432384,0.884434175,0.939692908,0.939660301,0.939632864,0.939642992,0.939621947,0.93963858,0.614687189,0.884410135,0.614749005,0.614779926,0.537977457
94,0.601206956,0.60451748,0.658329686,0.658940211,0.659066594,0.658731486,1.049791417,1.063543385,1.061197745,1.115013025,0.951967118,0.951596232,0.950695124,1.010378639,1.008849879,1.009242349,1.010616736,1.010060401,1.007680019,1.114289005,0.952345711,1.115438948,1.115624064,0.976805848
95,0.41357721,0.413584335,0.329743199,0.329745799,0.329746831,0.329744083,0.52757528,0.536321685,0.641497706,0.639497886,0.661700724,0.66169759,0.661696269,0.70305476,0.703050439,0.703050441,0.703051667,0.703047875,0.703047039,0.639490633,0.661697945,0.639497608,0.639499537,0.559565945
96,0.484039402,0.48407981,0.513137818,0.513149246,0.513151738,0.513137852,0.820954875,0.799884493,1.034701154,1.04347853,0.774337181,0.774324042,0.774319301,0.822726293,0.822705458,0.822704931,0.822709392,0.822684445,0.8226847,1.043456225,0.774326457,1.043479886,1.043489712,0.913065938
97,0.307632391,0.307648023,0.60168502,0.601686631,0.601688144,0.601688393,0.962692828,0.617038626,0.676672687,0.610846948,0.492154915,0.492141751,0.492134798,0.522901589,0.522886265,0.522887174,0.522894419,0.522890469,0.52288002,0.610826476,0.492141693,0.610842851,0.610842652,0.534497108
98,0.593310323,0.593743864,0.60378681,0.604003046,0.604123007,0.603986865,0.965096667,0.74473508,0.993575641,0.76959937,0.947987306,0.947941283,0.947826041,1.007090383,1.006884376,1.006924436,1.007101828,1.007027631,1.006732864,0.769103626,0.948026873,0.769807074,0.769918389,0.674052189
99,0.525066298,0.525127604,0.469763591,0.46978644,0.469809318,0.469825187,0.751625512,0.830010706,0.70746206,0.725795456,0.839870022,0.839803821,0.83977199,0.892300716,0.89223048,0.892234298,0.892264258,0.892247087,0.892205326,0.725605017,0.839799309,0.725730735,0.725719735,0.635082209
100,0.508653109,0.50932691,0.602478877,0.602623452,0.602771091,0.602872634,0.963999463,0.848433355,0.894264951,0.677622369,0.811285624,0.81055573,0.810185649,0.861296878,0.860517597,0.860566908,0.860899409,0.860714796,0.860254825,0.6761639,0.810450236,0.677113743,0.677027487,0.592981925
101,0.232633129,0.232656362,0.612160326,0.612161545,0.612160989,0.612159788,0.979446624,0.540339251,0.918021544,0.771996894,0.372058617,0.372035574,0.372057841,0.395325797,0.395308479,0.395296143,0.395302699,0.395288629,0.395273601,0.771986731,0.372131307,0.772004799,0.772006013,0.675517892
102,0.414999449,0.41500857,0.501216973,0.501220444,0.501222528,0.501220308,0.801930407,0.763267936,0.712092425,0.574809585,0.663970326,0.66396929,0.663967152,0.705465612,0.705460833,0.705461181,0.70546501,0.705463213,0.705457409,0.574792027,0.663971252,0.574817372,0.574821502,0.502982379
103,0.634035735,0.634037903,0.421373588,0.421373942,0.421373877,0.421372642,0.67418831,1.040421955,0.7448366,0.732380989,1.014443245,1.01444273,1.014444238,1.077846391,1.077842664,1.077839657,1.077840731,1.077839204,1.077839878,0.732377782,1.014444871,0.732384832,0.732386768,0.640842913
104,0.496084545,0.496179855,0.410122672,0.410176755,0.410207063,0.41017251,0.655954628,0.685213579,0.775014677,0.662630319,0.793447033,0.793436155,0.793410976,0.843005429,0.842959854,0.842968395,0.843006799,0.842989656,0.842926389,0.66252957,0.793454502,0.662671325,0.662693975,0.579932563
105,0.529338506,0.529357936,0.573695877,0.573698658,0.573694508,0.573681726,0.917827508,0.652926235,0.792366104,0.708935938,0.846771822,0.846755981,0.846763429,0.899697612,0.899691887,0.899675761,0.899681855,0.899670328,0.899658807,0.708909547,0.846832989,0.708987515,0.70900499,0.620420471
106,0.64530077,0.645307946,0.556069163,0.556077435,0.556079319,0.556079101,0.889701682,0.619561883,0.508608618,0.601493269,1.032465301,1.032462953,1.032465924,1.096995224,1.096990787,1.096995139,1.096995184,1.096989798,1.096986265,0.601461525,1.032482696,0.601482455,0.601484378,0.526344692
107,0.515403156,0.515403413,0.434294854,0.434295123,0.434295228,0.434295408,0.694871778,0.841576672,0.923900235,0.98631709,0.824644286,0.824643986,0.824644232,0.8761845,0.87618437,0.876184405,0.876184418,0.876184335,0.876184148,0.986316774,0.824644927,0.986316962,0.986316972,0.863027856
108,0.420851573,0.420856924,0.404383918,0.404384616,0.404384164,0.404380306,0.646989639,0.771516304,0.794841427,0.692171377,0.67331439,0.673310606,0.673311028,0.715395808,0.715395048,0.71539077,0.715392376,0.715389246,0.715386153,0.692165285,0.673330036,0.692184157,0.692189561,0.605675926
109,0.562305155,0.562306515,0.441819633,0.441819962,0.441819607,0.441817974,0.706901,0.829476916,0.843138273,0.814944944,0.899676613,0.899675488,0.899676001,0.955906589,0.955906131,0.955905049,0.955905404,0.955904752,0.95590392,0.814942854,0.899680802,0.814948492,0.814949756,0.713084232
110,0.665796725,0.666553937,0.664418694,0.6650867,0.664995657,0.664991823,1.060719686,0.74275024,0.821735107,0.811970967,1.063948357,1.063905348,1.064148048,1.130545772,1.130317435,1.130151919,1.13010361,1.129778413,1.129491369,0.809034962,1.063497676,0.81140356,0.811187502,0.710453279
111,0.488027363,0.488781441,0.545412883,0.545693532,0.545644366,0.545597605,0.871032324,0.765551472,0.743831866,0.86592033,0.777474297,0.776977711,0.777022335,0.82559205,0.824993165,0.825036563,0.825611539,0.825407692,0.825128882,0.864579667,0.777482188,0.867103185,0.867417159,0.760427143
112,0.706824084,0.706262567,0.660574261,0.662104069,0.661880534,0.661770741,1.050686568,1.14302412,1.140996411,1.038709707,1.130918534,1.130918534,1.130918534,1.201600943,1.201600943,1.201600943,1.201600943,1.201600943,1.201600943,1.039316019,1.130918534,1.03910014,1.039296866,0.909337402
113,0.66465081,0.664654606,0.434805712,0.434810263,0.434809778,0.434808953,0.695668276,0.85662092,0.551654172,0.700472108,1.063431877,1.063431684,1.063432941,1.129896358,1.129894154,1.129892533,1.129892683,1.129890267,1.129889864,0.700451662,1.063429563,0.700471082,0.700472363,0.612920747
114,0.364642823,0.364738484,0.352368839,0.352445992,0.352436426,0.352428516,0.563479182,0.455767843,0.517382583,0.576807188,0.583216246,0.583206108,0.583231935,0.619656197,0.619612645,0.619572519,0.619573652,0.619515018,0.61949975,0.57656159,0.583147277,0.576779165,0.576787621,0.504766915
115,0.507788512,0.507798859,0.391347385,0.391350019,0.391349583,0.391343769,0.626100932,0.969332276,0.827468007,0.627503528,0.812406832,0.812414156,0.81242265,0.863196425,0.863178401,0.863171193,0.863173677,0.863165083,0.863168711,0.62749858,0.812414269,0.627519029,0.627528065,0.549100506
116,0.328452651,0.328683533,0.673073327,0.673095612,0.673099304,0.673043552,1.076545189,0.785261099,0.759747801,0.799840211,0.524279807,0.524180241,0.524163538,0.556634751,0.55629083,0.55587914,0.55599979,0.555571919,0.555873347,0.799498891,0.523917099,0.799997842,0.800278154,0.700575308
117,0.431831315,0.431839054,0.465339051,0.465340163,0.465340538,0.465337856,0.744524083,0.839051393,0.920677657,0.839406388,0.690888016,0.690884538,0.690883954,0.734054521,0.734042877,0.734028957,0.734033104,0.734018533,0.73402885,0.839391765,0.69087559,0.839413032,0.839424947,0.73451102
118,0.528812209,0.528953051,0.567585064,0.56763911,0.567632652,0.567627021,0.907917888,0.828120566,0.807822657,0.799832808,0.845787092,0.845772249,0.845810274,0.898632686,0.89856868,0.898509518,0.898511257,0.898425067,0.898402409,0.799481366,0.845685626,0.799792691,0.799804779,0.699940387
119,0.591117999,0.592160788,0.587682423,0.587897804,0.587945207,0.587308866,0.936173711,0.875962288,0.732168837,0.721220816,0.939832965,0.939349655,0.939237719,0.99653498,0.994866347,0.992858644,0.993462323,0.991390794,0.992909053,0.718525004,0.938107868,0.722622287,0.725011615,0.637165533
120,0.449672492,0.44975501,0.530185587,0.530204729,0.530208074,0.530159969,0.847976006,0.576447502,0.810383881,0.697098803,0.719030798,0.718995065,0.718989182,0.763822668,0.763699749,0.763552552,0.763595604,0.763442757,0.763550622,0.696893225,0.71890098,0.697193511,0.697362503,0.610392073
121,0.371197727,0.371259114,0.540175534,0.540191484,0.54020044,0.540190395,0.864210038,0.970947652,0.839249856,0.730574742,0.593730913,0.593723827,0.593707596,0.630818375,0.630788967,0.630794512,0.630819316,0.630808244,0.630767602,0.730531417,0.593735577,0.730592337,0.730602059,0.639309203
122,0.41583861,0.416041078,0.51142298,0.511452387,0.511468281,0.511368182,0.817642238,0.954663385,0.818825357,0.729121841,0.664246637,0.664264509,0.664297,0.70555647,0.705124771,0.704741294,0.704863576,0.704578485,0.704838926,0.728894215,0.663939885,0.729286764,0.729501904,0.638609551
123,0.486162774,0.486166138,0.549526877,0.549527259,0.549527219,0.549526247,0.879235993,0.628790488,0.855807319,0.831909411,0.777838384,0.777837644,0.777839993,0.826454002,0.826448134,0.826443415,0.826445252,0.826442671,0.826443731,0.831905893,0.777841043,0.831913532,0.831915653,0.727931142
124,0.463917647,0.463924442,0.462462179,0.46246248,0.462463762,0.462461184,0.739923875,0.619597901,0.663898015,0.727473049,0.742237161,0.742250565,0.742258032,0.788642811,0.788616085,0.788604271,0.788609007,0.788613248,0.788617484,0.727476731,0.742231948,0.727478774,0.727477169,0.636547869
125,0.615188732,0.615205223,0.570390697,0.570393606,0.570395174,0.570387948,0.912578781,0.692464251,0.704286585,0.852628493,0.984218426,0.984219162,0.984220842,1.045717496,1.045686781,1.045661025,1.045670463,1.045650681,1.045666382,0.852607309,0.984198332,0.85264311,0.852661153,0.746104512
126,0.577016187,0.577028575,0.626899139,0.62689931,0.62689574,0.626891504,1.003008288,1.109134323,1.047646398,0.805005421,0.923119788,0.923104548,0.92312052,0.980825638,0.980815805,0.980802985,0.98080768,0.980800509,0.980792183,0.80499035,0.923165258,0.805030466,0.805033599,0.704422875
127,0.278618039,0.278700283,0.446212297,0.446214316,0.446228104,0.44620497,0.713805519,0.575779279,0.702932556,0.515628806,0.445435552,0.445611213,0.445705759,0.473477836,0.473138855,0.472991398,0.47304953,0.473107473,0.47316254,0.515680377,0.445354147,0.515693766,0.515671734,0.451274522
128,0.398951761,0.39895813,0.383199754,0.383200366,0.383199872,0.383196911,0.613099647,0.87077716,0.896514106,0.836092187,0.638272086,0.638270463,0.638274037,0.678167962,0.678160957,0.678154218,0.678156793,0.678154759,0.67815254,0.836088464,0.638286571,0.836102082,0.836105249,0.731600017
129,0.584835267,0.584841308,0.44337515,0.443377895,0.443380877,0.443382616,0.709399406,0.546401864,0.93516926,0.713805481,0.935713305,0.935707056,0.935703937,0.99418954,0.994182668,0.994183071,0.99418599,0.994184387,0.994180257,0.713776293,0.9357066,0.713796266,0.713794821,0.624582627
130,0.435170453,0.435173491,0.416107348,0.416107831,0.416107858,0.416106168,0.665761352,0.74774416,0.614598883,0.602138045,0.696253081,0.696252315,0.696254444,0.739769543,0.739764231,0.739760096,0.739761681,0.739759546,0.739760283,0.602133116,0.696255391,0.602144148,0.602147224,0.526885788
131,0.461872337,0.462053433,0.587631002,0.587631478,0.587584568,0.587536774,0.93986936,0.570149406,0.737949049,0.666413093,0.737394481,0.737165596,0.737417214,0.783660458,0.783522947,0.783328749,0.783395446,0.783288528,0.783161327,0.666308278,0.738115719,0.666623721,0.666649059,0.583459395
132,0.447758674,0.450718387,0.428980649,0.42999046,0.429945858,0.428097988,0.6786715,0.840546221,0.871051917,0.64480347,0.707934459,0.707701845,0.707750778,0.752482709,0.751571536,0.751454135,0.751325768,0.749193789,0.749874179,0.6424531,0.707961989,0.645668677,0.647800733,0.56839976
133,0.608549393,0.609736501,0.690233849,0.69185878,0.691775529,0.688977825,1.092064597,1.049424173,1.101438549,1.015987301,0.971723752,0.970480646,0.970132274,1.031775817,1.032904446,1.033675742,1.032106035,1.029532252,1.030917792,1.013018399,0.971403554,1.016154949,1.018728745,0.892683112
134,0.473504413,0.474151078,0.551431103,0.551323894,0.550952901,0.549636227,0.877340366,0.932172343,0.954090615,0.802787383,0.75299484,0.753066413,0.753115457,0.800250046,0.799434094,0.79882757,0.799491463,0.800446566,0.800783209,0.803196926,0.754829485,0.803974671,0.803900135,0.70451178
135,0.590303712,0.590449225,0.373555044,0.373665215,0.373665106,0.373495892,0.596619323,0.753147631,0.773317984,0.627398958,0.943285874,0.943172895,0.943208485,1.002228635,1.002054762,1.002048073,1.002510683,1.002205466,1.002185422,0.628446462,0.943792149,0.629389682,0.629616503,0.551186756
136,0.629014527,0.629029985,0.503015895,0.503023081,0.503023381,0.503011944,0.804758176,0.722887046,0.728956625,0.593367698,1.006308715,1.006298274,1.006301372,1.069201891,1.069185498,1.069184783,1.06922617,1.069197213,1.069195836,0.593468689,1.006353698,0.593566682,0.593591575,0.519421836
137,0.710974858,0.711498154,0.502822776,0.503506239,0.503504398,0.502457898,0.797877447,0.820468358,0.986194857,0.955716196,1.133494029,1.133117408,1.133227114,1.204302566,1.20366471,1.203634956,1.205192027,1.204135293,1.203999226,0.96010724,1.135139097,0.964048002,0.9649933,0.845505958
138,0.629824338,0.630075746,0.699535041,0.700082366,0.700067605,0.699310767,1.113825861,1.075780582,1.021844035,1.03544348,1.000974981,0.999291283,0.999375616,1.062781281,1.062222143,1.062648855,1.066755955,1.063815663,1.063614816,1.041308135,1.005907728,1.045594983,1.046640124,0.916758552
139,0.670348987,0.668845452,0.650001035,0.650152077,0.649968364,0.649467255,1.037998744,1.054133613,0.955524953,0.950998537,1.077107466,1.076295379,1.076266278,1.143113583,1.144952481,1.146961945,1.146148595,1.147491656,1.147372597,0.952713207,1.078117434,0.949120291,0.948774333,0.827645121
140,0.493644026,0.493783613,0.530049402,0.529559731,0.529432209,0.530309702,0.845954577,0.808721452,1.01387126,0.842651969,0.790650486,0.791662626,0.789326903,0.84340514,0.844170902,0.844541033,0.845260096,0.844753458,0.843526509,0.844999988,0.788477485,0.841073124,0.840477872,0.734960917
141,0.575349636,0.576831168,0.662549558,0.662923385,0.662922316,0.662350221,1.056455562,0.720348934,0.965443631,0.909215941,0.90833079,0.907171175,0.907535475,0.964972089,0.963184808,0.96311739,0.967854911,0.96472795,0.964510663,0.914673117,0.913497419,0.919582959,0.920761133,0.807088235
142,0.689617601,0.688526456,0.567475902,0.567296516,0.567744491,0.567828661,0.914391901,1.120981339,1.101324608,1.084381242,1.105036729,1.106613444,1.105904123,1.175640947,1.179256648,1.177056238,1.177711644,1.177809591,1.177539887,1.081492089,1.10505656,1.082601725,1.08296018,0.94746551
143,0.618701424,0.617461766,0.70819757,0.708051358,0.707946222,0.707469822,1.129055914,1.051932883,1.076055545,1.064267803,0.99301484,0.992545882,0.992434255,1.054312184,1.056447586,1.057163775,1.055995408,1.056356045,1.057646565,1.065385407,0.993720138,1.067810889,1.068187705,0.935289903
144,0.648099394,0.652205473,0.611855169,0.613262217,0.612665328,0.609501128,0.961251587,1.024192629,0.820660718,0.796475144,1.017658687,1.022198729,1.022999403,1.085792814,1.08505528,1.083092784,1.089662819,1.082308248,1.075063438,0.798085623,1.017692168,0.801487875,0.803525693,0.706341681
145,0.62263941,0.620754927,0.64576935,0.645734719,0.645087491,0.642928652,1.024141917,1.027397053,1.036559821,1.004827546,1.002402377,1.001388217,1.000950814,1.063888313,1.0663747,1.066731872,1.06550805,1.067805902,1.06937722,1.005691213,1.004375994,1.005834187,1.005632271,0.881049328
146,0.571182759,0.571335795,0.532839329,0.532906592,0.532944341,0.532902396,0.852245178,0.970594823,0.924969804,0.652999935,0.913431259,0.913414561,0.913373929,0.970469066,0.970396347,0.97041069,0.970473056,0.97044596,0.970341914,0.652791474,0.913444133,0.653086263,0.653132937,0.571647632
147,0.487247053,0.487526997,0.659509752,0.659566752,0.659564318,0.659460277,1.054780625,0.750685274,0.875577727,0.829138035,0.778782229,0.778758478,0.778763731,0.827483994,0.82739606,0.82738499,0.827381804,0.827178211,0.82724095,0.828968926,0.778794207,0.82922339,0.829388594,0.725838287
148,0.43216233,0.432264593,0.461537714,0.46156088,0.461584719,0.461600731,0.738465299,0.772848587,0.796281831,0.725650659,0.691071978,0.690961797,0.690905916,0.73415918,0.73404135,0.734048871,0.734099187,0.734071209,0.734001662,0.725467576,0.690946021,0.725587121,0.725576385,0.634952584
149,0.559737351,0.560236134,0.585367536,0.585599954,0.585727366,0.585581538,0.935547451,0.685930785,1.027133856,1.050330966,0.89407248,0.894019248,0.893886574,0.949783924,0.949546276,0.949592772,0.949797685,0.949710836,0.949370051,1.049925474,0.894117897,1.050501243,1.050592548,0.919574156
150,0.316615304,0.316622165,0.53439315,0.534393776,0.534394366,0.534393305,0.855024464,0.482984628,0.738737326,0.755380917,0.506562377,0.506559286,0.506558136,0.538220437,0.538216132,0.53821628,0.538217486,0.538213759,0.538212939,0.755376744,0.506559641,0.755380733,0.755381931,0.660961309
151,0.579920893,0.579930455,0.682474722,0.68247632,0.682477259,0.682473401,1.091934677,0.900679105,1.018527295,0.638686224,0.927825241,0.9278257,0.927826625,0.985805861,0.985788043,0.985773147,0.985778667,0.985767251,0.985776342,0.638666298,0.927813584,0.638700135,0.638717167,0.558902164
152,0.46200941,0.462671116,0.429144123,0.429179681,0.429405588,0.42902094,0.684394672,0.710126654,0.668152412,0.699024221,0.736391786,0.737836998,0.738613503,0.784099171,0.781338189,0.780148383,0.780618945,0.781115125,0.781551971,0.69950092,0.735739956,0.699574757,0.699361231,0.612447891
153,0.414861661,0.414871764,0.529005303,0.529005592,0.529007439,0.529004307,0.846389995,0.747980754,0.932946211,0.95065839,0.663732672,0.66375244,0.663763707,0.705239407,0.705199888,0.705182398,0.705189301,0.705195782,0.705201773,0.950662382,0.663724978,0.950664647,0.950662943,0.831835922
154,0.346037977,0.351254436,0.359289306,0.361249132,0.36042041,0.356014063,0.550083971,0.628065327,0.704444008,0.687586615,0.52887543,0.534741055,0.535771411,0.567786662,0.566833429,0.564301257,0.572763829,0.563287683,0.553883472,0.688404054,0.528915812,0.690138043,0.691181379,0.606452428
155,0.666115652,0.666137321,0.626709029,0.626716548,0.62671938,0.626707978,1.002674759,0.945755805,0.404844667,0.532563994,1.065697414,1.065698369,1.065694476,1.132301244,1.132290337,1.132286351,1.132298842,1.132298441,1.132288536,0.532517136,1.065708593,0.532612788,0.53262535,0.466105565
156,0.637643776,0.640141878,0.656147282,0.657602197,0.657022079,0.654075073,1.031933476,1.059376562,1.075092701,0.958480307,1.006164522,1.009430776,1.009918157,1.072400206,1.071938287,1.070528172,1.075935803,1.069623819,1.063221546,0.968083566,1.006403357,0.986962966,0.998231095,0.891584358
157,0.674689322,0.674952776,0.683576405,0.682897829,0.682761797,0.684126894,1.092046356,1.098818225,1.122523938,1.059278218,1.081005706,1.081709894,1.078805284,1.152069758,1.15320369,1.153929049,1.154337957,1.154000539,1.152824981,1.061886386,1.078516436,1.056006229,1.055128093,0.921866493
158,0.376448088,0.376502712,0.458543236,0.458448333,0.458424338,0.458593228,0.733275554,0.565347214,0.618377345,0.651839203,0.602661439,0.603076151,0.602118893,0.641695331,0.642009012,0.642160183,0.642452849,0.642248089,0.641748098,0.652249378,0.60176975,0.651559217,0.651454356,0.569939951
159,0.414374413,0.414697857,0.471219443,0.470610735,0.470454688,0.471541876,0.751371269,0.949484172,1.001964514,1.006095591,0.664927367,0.667292527,0.661828253,0.714281439,0.716061294,0.716921864,0.718595187,0.717418777,0.714565051,1.007984196,0.65983779,1.004809647,1.004327044,0.878407579
160,0.39075675,0.390812379,0.504361847,0.504376154,0.504375994,0.504350753,0.806872382,0.684711647,0.843227802,0.626797548,0.625047255,0.625040168,0.625039896,0.664115525,0.664096183,0.664094143,0.664094668,0.664055317,0.664065762,0.626757644,0.625046506,0.626814653,0.626849906,0.54852155
161,0.492578978,0.492793945,0.693125999,0.693173892,0.693173808,0.693100287,1.108537188,0.798516402,0.638866845,0.665519431,0.786352961,0.786185929,0.786238793,0.835481353,0.835224527,0.835214593,0.835898262,0.835447235,0.835417804,0.666519313,0.787101133,0.66742007,0.667636744,0.584442181
162,0.347575138,0.34758218,0.608219418,0.608220025,0.608220384,0.608219834,0.973146615,0.669517678,0.778398221,0.58614618,0.556073216,0.556067893,0.556068248,0.590825965,0.590818368,0.590818206,0.590834041,0.590823058,0.590821687,0.58615863,0.556087898,0.586173275,0.58617666,0.512909318
163,0.365882577,0.365923823,0.647916738,0.647920625,0.64792498,0.647927795,1.036667679,0.799359583,0.772212854,0.903364592,0.585255685,0.585211185,0.585188645,0.62179186,0.621744254,0.621747303,0.621767634,0.621756383,0.621728265,0.903326398,0.585204752,0.903351304,0.903349067,0.790445706
164,0.481611655,0.482495427,0.55895639,0.559223951,0.559212359,0.558723374,0.892289425,0.762675739,0.820759707,0.740645286,0.768009365,0.767934155,0.767950598,0.816098105,0.815820132,0.815785329,0.815774019,0.815129458,0.815329214,0.740123619,0.768046846,0.740907331,0.74141683,0.649118333
165,0.431844758,0.432311678,0.406701975,0.406908857,0.406982804,0.406667872,0.649103979,0.512254591,0.522038504,0.496462469,0.689076662,0.689110759,0.689024211,0.732112239,0.731886655,0.731805808,0.732073628,0.73207198,0.731846642,0.495867792,0.689334335,0.497107319,0.497258664,0.43586048
166,0.45518716,0.45526655,0.414803182,0.414829021,0.414836768,0.414800741,0.663484073,0.870702609,0.940141114,1.01903296,0.727971619,0.727969099,0.727957052,0.773453823,0.773409381,0.773392819,0.773439916,0.773431627,0.773400077,1.018990755,0.728003754,1.019072718,1.019086537,0.891750612
167,0.483651636,0.483661555,0.426240463,0.426196005,0.426184946,0.426264064,0.681799534,0.837969093,0.8184367,0.89909299,0.773905242,0.773980705,0.773806625,0.822523318,0.822580744,0.8226084,0.822661696,0.822624338,0.822533223,0.89920146,0.773743342,0.899018457,0.898990541,0.78659479
168,0.55625343,0.556330329,0.479309981,0.479321059,0.479317828,0.479280646,0.766562833,0.917791846,0.891867875,0.933290994,0.889570482,0.889633586,0.88970153,0.945288431,0.945143399,0.945086852,0.945107624,0.945041078,0.945072977,0.933288764,0.88964092,0.933369317,0.933412971,0.816795047
169,0.542774848,0.544182677,0.547313568,0.547464841,0.547424845,0.546964782,0.871554219,1.058711735,1.044603923,0.912670454,0.860630076,0.861738893,0.862929735,0.916535775,0.913937375,0.91293538,0.913336923,0.912134472,0.912660642,0.912633495,0.861876102,0.914232632,0.915086947,0.80187715
170,0.459817966,0.459831756,0.702757484,0.702758862,0.702758545,0.702755408,1.124382071,0.854973984,0.989447946,0.693569959,0.735635553,0.73564544,0.735656764,0.781631857,0.781607814,0.781598171,0.781601466,0.78158995,0.781594685,0.693564003,0.735645599,0.693588788,0.69359973,0.606915997
171,0.476711419,0.476748607,0.611114157,0.611116601,0.61111603,0.611107766,0.977708903,0.659840612,0.653788677,0.626627726,0.762528368,0.762558709,0.762591394,0.810244045,0.810174205,0.810146794,0.810156957,0.810124908,0.810140069,0.626625656,0.762562227,0.626700034,0.626740149,0.548451898
172,0.520318262,0.520330794,0.405937699,0.405943905,0.405943304,0.405942205,0.649471028,0.578024473,0.515317268,0.544622771,0.832477953,0.832477452,0.832481477,0.884507938,0.884500803,0.884495167,0.884495596,0.884487679,0.884486159,0.544572805,0.832470325,0.544620235,0.544623693,0.476563909
173,0.439414305,0.439419052,0.543717814,0.543718452,0.543718061,0.543717578,0.86994359,0.750850101,0.290573126,0.436016841,0.703031839,0.703027176,0.703031702,0.746974157,0.746970591,0.746968149,0.746969431,0.746966592,0.746963683,0.435997308,0.703046566,0.436032416,0.436034961,0.381554981
174,0.599027115,0.600073111,0.706890925,0.706890925,0.706890925,0.706890925,1.13102548,0.969590439,1.082124492,1.029976514,0.952719637,0.948458419,0.946348824,1.008126134,1.005542584,1.006339356,1.007446901,1.006527894,1.00416859,1.028787235,0.948548131,1.029733354,1.029747459,0.900886613
175,0.414367332,0.414435892,0.516152741,0.516168921,0.516168718,0.516140024,0.825722528,0.664070766,0.729546486,0.836355333,0.662785899,0.662776954,0.66277662,0.704213378,0.704189388,0.704187042,0.704187611,0.704139094,0.704151874,0.836325134,0.662784867,0.83636814,0.83639468,0.731866385
176,0.504322791,0.50432436,0.565772558,0.565772802,0.565773079,0.565772821,0.905233744,0.996834416,0.882381799,0.850906833,0.806905937,0.806904815,0.806904846,0.857337108,0.857335451,0.857335355,0.857338875,0.857336538,0.857336268,0.850909844,0.80690914,0.850913353,0.850914192,0.744551148
177,0.502505959,0.502534957,0.377922568,0.377923292,0.377916246,0.377908551,0.604618737,0.901292005,0.513864782,0.518538988,0.803770205,0.803734414,0.803768155,0.854027856,0.8540046,0.853977349,0.853988464,0.853972528,0.853952329,0.518499134,0.803868441,0.518595625,0.518602266,0.453821455
178,0.467453274,0.467469921,0.542386211,0.542395666,0.542397775,0.542397415,0.867806773,0.73399679,0.69518375,0.517521783,0.747886902,0.747881396,0.747888062,0.79463178,0.794621763,0.794631148,0.79463147,0.794619101,0.794610859,0.517479608,0.747927185,0.517508609,0.517511642,0.452883891
179,0.493024419,0.493032754,0.443882068,0.443882155,0.443878864,0.443875176,0.710183742,0.847596739,0.825403527,0.77830628,0.788768044,0.788757744,0.788768458,0.838073243,0.838066597,0.838058127,0.838061149,0.838056412,0.838050793,0.778296831,0.788798413,0.778322088,0.77832408,0.681045127
180,0.3729364,0.372952634,0.498514902,0.498515095,0.49851721,0.498513432,0.797600973,0.570166748,0.629649599,0.490970314,0.596624434,0.596656288,0.596674154,0.633951169,0.633887774,0.633859665,0.633870795,0.633881016,0.633890648,0.490980524,0.596612124,0.490986151,0.490982078,0.42962408
181,0.48662585,0.486660875,0.584456944,0.584462264,0.58445815,0.584434069,0.934973457,0.784632845,0.757915689,0.862260772,0.778289307,0.778264746,0.778268683,0.826928995,0.826922976,0.826894278,0.826905106,0.826884723,0.826865104,0.862224694,0.778391431,0.862337481,0.862372519,0.754637269
182,0.279416461,0.279537813,0.535607845,0.535634981,0.535642955,0.535605368,0.856760431,0.735471281,0.660794739,0.473790676,0.446559297,0.446555236,0.44653583,0.474444099,0.474375402,0.474350036,0.474423673,0.474411565,0.474362689,0.473688791,0.44661069,0.473891804,0.473926742,0.414810395
183,0.64659416,0.647012073,0.565515076,0.565747981,0.565706926,0.565668862,0.90347543,1.041183951,0.681665601,0.901715964,1.032624108,1.032335803,1.03235739,1.096883713,1.096540628,1.096569075,1.096903794,1.096795431,1.096642101,0.900753175,1.032636827,0.902606744,0.902844002,0.791052463
184,0.563778093,0.569809583,0.525020013,0.526590693,0.5265213,0.523647216,0.828009243,0.731074279,0.762079793,0.826714114,0.884649654,0.884171655,0.884272108,0.940562349,0.938685197,0.938443147,0.938188016,0.933795912,0.935190704,0.82291338,0.884713577,0.828122151,0.831568382,0.73016781
185,0.527165,0.527224249,0.418465996,0.418502284,0.418502283,0.418446365,0.669191285,0.843455447,0.689484838,0.907217133,0.842974869,0.842928773,0.842943383,0.895655688,0.895584822,0.895582149,0.895770624,0.895646383,0.895638244,0.90738961,0.843181204,0.907545052,0.907582289,0.794179398
186,0.397582091,0.397591748,0.490373203,0.490375309,0.490377363,0.49037756,0.784592882,0.655079689,0.672018829,0.706502312,0.63609604,0.636087863,0.636083596,0.675844055,0.675834395,0.675835042,0.675839565,0.675837049,0.675830648,0.706488506,0.636087783,0.706499446,0.706499432,0.618193525
187,0.508580225,0.509317908,0.485055776,0.485230235,0.485408327,0.4855307,0.776129205,0.871229926,0.855493301,0.831879515,0.81092522,0.810125982,0.809720541,0.860847864,0.859994195,0.86004832,0.860412613,0.860210256,0.859706182,0.83070416,0.810010401,0.831469651,0.831400065,0.727944857
188,0.457616626,0.457629906,0.443510779,0.443517156,0.443520918,0.44351668,0.709586671,0.745928489,0.761522891,0.591523637,0.732145228,0.732143554,0.732140437,0.777899946,0.777893031,0.777893699,0.777899098,0.777896454,0.777888143,0.5915081,0.732146372,0.591530408,0.591534144,0.517604285
189,0.518992828,0.519040155,0.573772102,0.573779663,0.573787569,0.573792943,0.918036538,1.055586279,1.028549563,0.927497445,0.830206163,0.830155015,0.830130399,0.882046879,0.881992429,0.881995428,0.882018591,0.882005367,0.881973184,0.927401551,0.830151456,0.927464815,0.927459354,0.811565941
190,0.324074177,0.324086613,0.291213782,0.291216232,0.291216385,0.291212093,0.465923819,0.683335382,0.570673224,0.535516591,0.518481348,0.518479604,0.518479406,0.550886814,0.550882369,0.550881921,0.550882485,0.550873564,0.550875789,0.535511868,0.518481373,0.535519353,0.535523792,0.468586991
191,0.493175351,0.498203247,0.545688673,0.547610803,0.549566966,0.550914676,0.873545039,0.640434812,0.694360194,0.704272673,0.769736435,0.764165895,0.761328966,0.812550636,0.806559958,0.806938398,0.80950309,0.808078774,0.804528828,0.693552348,0.763363366,0.700544562,0.699909959,0.616701216
192,0.388976713,0.388977589,0.503636585,0.503636783,0.503636625,0.503636181,0.805814294,0.622779453,0.673936605,0.625882115,0.622354609,0.622353916,0.622354055,0.661251718,0.661251469,0.66125083,0.661251104,0.661250496,0.66125002,0.62588084,0.622357321,0.625884809,0.625885798,0.547652272
193,0.342221938,0.34240808,0.463295302,0.46331191,0.46330681,0.46325238,0.740782421,0.826043895,0.92411343,0.592622743,0.546505242,0.546657178,0.546820297,0.580950235,0.580600528,0.580464074,0.580514988,0.58035413,0.580430084,0.592615795,0.546674889,0.592868856,0.593005832,0.519064689
194,0.435482424,0.437749374,0.468352242,0.469435084,0.469814909,0.468177734,0.740890215,0.650311723,0.800572828,0.81021097,0.687660112,0.687822004,0.68740137,0.73048314,0.72938268,0.728992248,0.730297308,0.730284038,0.729184161,0.808886638,0.688913897,0.811650816,0.811988905,0.712183723
195,0.443493544,0.443531336,0.451567697,0.45157988,0.451579497,0.451570914,0.722415853,0.86556451,0.879414058,0.851894605,0.709415316,0.709397479,0.709396755,0.753724998,0.753691826,0.753678172,0.753704255,0.753684413,0.75368239,0.851825105,0.709408019,0.851946473,0.85197773,0.745553609
196,0.650632979,0.651018906,0.670856565,0.671019249,0.671077686,0.670829101,1.072096916,1.086149667,1.061658342,1.000858551,1.039457319,1.03948584,1.039413512,1.104396935,1.104209952,1.104143025,1.104365834,1.104365369,1.104178747,1.000590148,1.039672433,1.001152681,1.001221725,0.876414099
